"Data";"Hora (UTC)";"Temp. Ins. (C)";"Temp. Max. (C)";"Temp. Min. (C)";"Umi. Ins. (%)";"Umi. Max. (%)";"Umi. Min. (%)";"Pto Orvalho Ins. (C)";"Pto Orvalho Max. (C)";"Pto Orvalho Min. (C)";"Pressao Ins. (hPa)";"Pressao Max. (hPa)";"Pressao Min. (hPa)";"Vel. Vento (m/s)";"Dir. Vento (m/s)";"Raj. Vento (m/s)";"Radiacao (KJ/m²)";"Chuva (mm)"
"19/10/2025";"0000";"10,3";"11,6";"10,2";"84,0";"84,0";"78,0";"7,7";"7,9";"7,6";"904,8";"904,8";"904,2";"3,2";"158,0";"7,4";"";"0,0"
"19/10/2025";"0100";"10,2";"10,6";"10,1";"85,0";"86,0";"84,0";"7,8";"8,0";"7,7";"905,2";"905,3";"904,8";"5,0";"153,0";"7,6";"";"0,0"
"19/10/2025";"0200";"10,0";"10,2";"9,8";"87,0";"88,0";"85,0";"7,9";"8,0";"7,7";"905,6";"905,6";"905,2";"3,7";"151,0";"7,4";"";"0,0"
"19/10/2025";"0300";"9,7";"10,0";"9,6";"89,0";"90,0";"87,0";"8,0";"8,0";"7,8";"905,6";"905,8";"905,6";"3,4";"154,0";"7,0";"";"0,0"
"19/10/2025";"0400";"8,5";"9,8";"8,5";"88,0";"89,0";"87,0";"6,6";"8,0";"6,6";"905,7";"905,7";"905,4";"4,2";"165,0";"8,2";"";"0,0"
"19/10/2025";"0500";"8,3";"8,7";"8,0";"87,0";"89,0";"86,0";"6,3";"6,6";"6,2";"905,7";"905,8";"905,7";"3,9";"157,0";"7,3";"";"0,0"
"19/10/2025";"0600";"8,5";"8,6";"8,3";"88,0";"89,0";"86,0";"6,6";"6,7";"6,3";"905,6";"905,7";"905,5";"3,7";"156,0";"5,9";"";"0,0"
"19/10/2025";"0700";"7,8";"8,5";"7,8";"90,0";"90,0";"87,0";"6,2";"6,6";"6,1";"905,6";"905,7";"905,5";"3,9";"148,0";"7,9";"";"0,0"
"19/10/2025";"0800";"6,8";"7,8";"6,8";"92,0";"93,0";"90,0";"5,7";"6,2";"5,6";"905,9";"905,9";"905,5";"2,9";"155,0";"5,8";"";"0,0"
"19/10/2025";"0900";"6,1";"6,9";"6,1";"94,0";"94,0";"91,0";"5,1";"5,7";"5,0";"906,5";"906,5";"905,9";"2,4";"133,0";"4,4";"10,80";"0,0"
"19/10/2025";"1000";"7,8";"7,9";"6,1";"84,0";"94,0";"84,0";"5,2";"5,5";"5,2";"907,0";"907,0";"906,5";"4,6";"138,0";"6,7";"426,80";"0,0"
"19/10/2025";"1100";"9,9";"9,9";"7,8";"74,0";"84,0";"74,0";"5,5";"6,3";"5,3";"907,2";"907,3";"907,0";"6,7";"137,0";"11,0";"1289,70";"0,0"
"19/10/2025";"1200";"11,0";"11,4";"9,8";"70,0";"75,0";"67,0";"5,8";"6,5";"5,1";"907,8";"907,8";"907,2";"6,8";"133,0";"11,3";"2050,40";"0,0"
"19/10/2025";"1300";"13,0";"14,0";"10,7";"65,0";"71,0";"63,0";"6,6";"8,3";"5,3";"907,9";"907,9";"907,7";"5,9";"129,0";"11,4";"2701,20";"0,0"
"19/10/2025";"1400";"13,2";"14,1";"12,6";"63,0";"68,0";"62,0";"6,4";"8,0";"5,9";"907,5";"907,9";"907,5";"4,9";"132,0";"9,8";"2786,50";"0,0"
"19/10/2025";"1500";"13,9";"15,4";"12,9";"58,0";"65,0";"56,0";"5,6";"8,4";"5,6";"907,3";"907,5";"907,2";"4,5";"144,0";"8,8";"3474,70";"0,0"
"19/10/2025";"1600";"14,9";"16,1";"13,7";"53,0";"62,0";"50,0";"5,3";"7,8";"5,3";"906,7";"907,3";"906,7";"4,1";"135,0";"9,5";"3661,00";"0,0"
"19/10/2025";"1700";"17,0";"17,6";"14,6";"52,0";"56,0";"46,0";"7,1";"7,9";"5,0";"905,5";"906,7";"905,4";"4,0";"132,0";"8,8";"3508,20";"0,0"
"19/10/2025";"1800";"15,9";"17,7";"15,4";"45,0";"53,0";"44,0";"4,0";"7,0";"4,0";"903,0";"905,5";"902,8";"5,6";"147,0";"9,0";"2947,50";"0,0"
"19/10/2025";"1900";"16,3";"17,9";"15,9";"46,0";"50,0";"41,0";"4,7";"6,5";"3,9";"903,0";"903,1";"902,7";"5,3";"136,0";"8,9";"2352,40";"0,0"
"19/10/2025";"2000";"15,8";"17,5";"15,8";"47,0";"50,0";"43,0";"4,5";"6,2";"4,0";"904,4";"904,4";"902,6";"3,1";"154,0";"8,3";"961,20";"0,0"
"19/10/2025";"2100";"15,5";"16,8";"15,2";"52,0";"54,0";"44,0";"5,6";"5,9";"4,4";"905,2";"905,2";"904,4";"2,7";"165,0";"6,0";"555,30";"0,0"
"19/10/2025";"2200";"13,9";"15,5";"13,9";"61,0";"61,0";"52,0";"6,4";"6,4";"5,7";"905,6";"905,6";"905,2";"2,9";"155,0";"5,8";"46,60";"0,0"
"19/10/2025";"2300";"13,0";"13,9";"13,0";"65,0";"65,0";"60,0";"6,6";"6,6";"6,3";"906,3";"906,3";"905,6";"4,5";"150,0";"7,5";"";"0,0"
"20/10/2025";"0000";"12,2";"12,9";"11,8";"71,0";"74,0";"65,0";"7,1";"7,2";"6,7";"906,9";"906,9";"906,3";"3,8";"134,0";"7,5";"";"0,0"
"20/10/2025";"0100";"11,0";"12,7";"11,0";"81,0";"81,0";"70,0";"7,8";"7,8";"7,1";"907,3";"907,3";"906,9";"5,1";"96,0";"10,3";"";"0,0"
"20/10/2025";"0200";"10,9";"11,1";"10,6";"79,0";"83,0";"79,0";"7,4";"7,9";"7,4";"907,4";"907,4";"907,2";"6,4";"97,0";"9,4";"";"0,0"
"20/10/2025";"0300";"9,8";"10,9";"9,7";"84,0";"84,0";"79,0";"7,2";"7,4";"7,0";"907,3";"907,4";"907,3";"6,3";"99,0";"11,6";"";"0,0"
"20/10/2025";"0400";"9,0";"9,8";"9,0";"88,0";"88,0";"84,0";"7,1";"7,3";"7,0";"907,0";"907,4";"907,0";"5,4";"89,0";"9,8";"";"0,0"
"20/10/2025";"0500";"8,1";"9,0";"8,1";"89,0";"90,0";"86,0";"6,5";"7,2";"6,5";"907,0";"907,1";"906,9";"5,6";"90,0";"9,6";"";"0,0"
"20/10/2025";"0600";"7,4";"8,2";"7,4";"91,0";"92,0";"90,0";"6,1";"6,6";"6,1";"907,0";"907,1";"906,9";"4,5";"104,0";"8,6";"";"0,0"
"20/10/2025";"0700";"7,1";"7,4";"7,1";"91,0";"92,0";"91,0";"5,8";"6,2";"5,8";"907,5";"907,5";"907,0";"4,5";"85,0";"7,6";"";"0,0"
"20/10/2025";"0800";"6,4";"7,2";"6,4";"92,0";"93,0";"91,0";"5,2";"5,9";"5,2";"907,9";"907,9";"907,5";"4,2";"69,0";"7,0";"";"0,0"
"20/10/2025";"0900";"6,2";"6,5";"6,1";"91,0";"92,0";"90,0";"4,8";"5,2";"4,7";"908,6";"908,6";"907,9";"4,6";"73,0";"7,0";"10,50";"0,0"
"20/10/2025";"1000";"8,2";"8,2";"6,2";"82,0";"91,0";"82,0";"5,3";"5,4";"4,8";"909,6";"909,6";"908,6";"6,7";"73,0";"10,0";"428,10";"0,0"
"20/10/2025";"1100";"10,2";"10,5";"8,2";"76,0";"82,0";"74,0";"6,1";"6,5";"5,3";"909,9";"909,9";"909,6";"8,8";"71,0";"13,0";"1255,70";"0,0"
"20/10/2025";"1200";"12,2";"12,5";"10,2";"67,0";"76,0";"65,0";"6,2";"7,0";"5,6";"910,1";"910,1";"909,8";"10,0";"85,0";"13,9";"2256,60";"0,0"
"20/10/2025";"1300";"13,9";"14,1";"12,0";"60,0";"68,0";"57,0";"6,2";"7,3";"5,4";"910,2";"910,3";"910,0";"8,2";"54,0";"13,9";"2901,10";"0,0"
"20/10/2025";"1400";"15,8";"16,5";"13,8";"52,0";"61,0";"47,0";"5,9";"7,3";"4,1";"909,8";"910,3";"909,7";"6,7";"70,0";"12,8";"3580,70";"0,0"
"20/10/2025";"1500";"17,7";"17,9";"15,4";"48,0";"53,0";"43,0";"6,7";"6,8";"3,9";"909,4";"909,8";"909,4";"6,4";"61,0";"11,5";"3844,80";"0,0"
"20/10/2025";"1600";"17,5";"18,4";"16,7";"49,0";"54,0";"46,0";"6,7";"8,2";"5,4";"908,0";"909,4";"907,9";"7,5";"88,0";"11,5";"3765,70";"0,0"
"20/10/2025";"1700";"17,8";"18,1";"17,0";"47,0";"51,0";"41,0";"6,5";"7,6";"4,7";"906,5";"908,0";"906,5";"5,6";"68,0";"11,5";"3683,90";"0,0"
"20/10/2025";"1800";"18,1";"18,7";"17,3";"47,0";"50,0";"43,0";"6,7";"7,5";"5,3";"906,0";"906,8";"905,8";"5,3";"69,0";"10,3";"3274,40";"0,0"
"20/10/2025";"1900";"17,7";"18,1";"16,7";"46,0";"50,0";"44,0";"5,9";"7,0";"5,2";"905,7";"906,0";"905,5";"6,0";"72,0";"10,4";"2458,10";"0,0"
"20/10/2025";"2000";"16,6";"18,0";"16,6";"48,0";"49,0";"45,0";"5,6";"6,8";"5,5";"906,6";"906,6";"905,6";"6,1";"77,0";"11,0";"1673,60";"0,0"
"20/10/2025";"2100";"15,3";"16,8";"15,2";"52,0";"54,0";"48,0";"5,4";"6,4";"5,3";"908,0";"908,0";"906,6";"5,7";"69,0";"9,4";"773,20";"0,0"
"20/10/2025";"2200";"13,0";"15,3";"13,0";"61,0";"61,0";"51,0";"5,7";"5,8";"5,3";"908,2";"908,2";"908,0";"3,9";"81,0";"8,0";"81,40";"0,0"
"20/10/2025";"2300";"11,8";"13,0";"11,8";"69,0";"69,0";"61,0";"6,2";"6,2";"5,7";"908,6";"908,6";"908,2";"4,9";"79,0";"7,1";"";"0,0"
"21/10/2025";"0000";"11,2";"11,8";"11,1";"81,0";"81,0";"69,0";"8,0";"8,0";"6,3";"909,2";"909,2";"908,6";"5,3";"66,0";"7,9";"";"0,0"
"21/10/2025";"0100";"10,5";"11,2";"10,5";"85,0";"86,0";"80,0";"8,2";"8,3";"7,9";"909,6";"909,6";"909,2";"5,6";"64,0";"8,9";"";"0,0"
"21/10/2025";"0200";"";"";"";"";"";"";"";"";"";"";"";"";"";"";"";"";""
"21/10/2025";"0300";"10,2";"10,2";"9,4";"86,0";"90,0";"86,0";"8,0";"8,0";"7,8";"909,3";"909,7";"909,3";"4,3";"65,0";"7,4";"";"0,0"
"21/10/2025";"0400";"10,4";"10,6";"10,2";"77,0";"86,0";"76,0";"6,6";"8,0";"6,5";"908,8";"909,3";"908,7";"7,8";"70,0";"12,7";"";"0,0"
"21/10/2025";"0500";"10,1";"10,4";"9,9";"78,0";"80,0";"77,0";"6,5";"6,9";"6,1";"908,4";"908,9";"908,4";"7,4";"69,0";"12,7";"";"0,0"
"21/10/2025";"0600";"10,1";"10,2";"10,1";"80,0";"81,0";"77,0";"6,8";"7,0";"6,3";"908,1";"908,4";"908,0";"8,0";"55,0";"13,1";"";"0,0"
"21/10/2025";"0700";"10,2";"10,3";"10,0";"75,0";"80,0";"71,0";"5,8";"6,7";"5,2";"907,9";"908,1";"907,8";"7,7";"62,0";"14,5";"";"0,0"
"21/10/2025";"0800";"";"";"";"";"";"";"";"";"";"";"";"";"";"";"";"";""
"21/10/2025";"0900";"8,3";"8,8";"8,3";"77,0";"80,0";"76,0";"4,5";"5,2";"4,4";"908,8";"908,9";"908,3";"7,8";"57,0";"12,0";"7,30";"0,0"
"21/10/2025";"1000";"9,6";"9,6";"8,2";"77,0";"78,0";"75,0";"5,8";"5,8";"4,5";"909,6";"909,6";"908,8";"6,2";"75,0";"11,6";"367,40";"0,0"
"21/10/2025";"1100";"10,7";"10,8";"9,6";"78,0";"79,0";"76,0";"7,1";"7,4";"5,9";"910,1";"910,1";"909,6";"9,4";"59,0";"14,4";"734,80";"0,0"
"21/10/2025";"1200";"12,2";"12,3";"10,6";"70,0";"79,0";"68,0";"6,9";"7,5";"6,1";"910,6";"910,6";"910,0";"9,0";"71,0";"16,2";"1152,60";"0,0"
"21/10/2025";"1300";"14,9";"15,2";"12,3";"59,0";"70,0";"57,0";"7,0";"8,1";"6,2";"910,7";"910,9";"910,6";"8,6";"58,0";"14,6";"2553,60";"0,0"
"21/10/2025";"1400";"16,4";"16,4";"14,6";"55,0";"62,0";"54,0";"7,2";"8,1";"6,3";"910,4";"910,7";"910,4";"8,7";"59,0";"13,6";"3462,50";"0,0"
"21/10/2025";"1500";"16,5";"17,3";"15,8";"56,0";"60,0";"52,0";"7,7";"8,9";"6,6";"909,9";"910,5";"909,9";"7,3";"77,0";"12,8";"3838,90";"0,0"
"21/10/2025";"1600";"17,7";"18,5";"16,5";"55,0";"61,0";"52,0";"8,4";"9,9";"7,8";"908,3";"909,9";"908,3";"6,3";"71,0";"11,6";"3773,50";"0,0"
"21/10/2025";"1700";"18,5";"19,6";"17,2";"52,0";"59,0";"47,0";"8,4";"9,7";"7,2";"906,6";"908,3";"906,5";"7,1";"75,0";"12,9";"3703,20";"0,0"
"21/10/2025";"1800";"19,1";"19,9";"18,4";"52,0";"53,0";"47,0";"9,1";"9,5";"7,6";"905,0";"906,6";"905,0";"6,4";"76,0";"11,6";"3246,50";"0,0"
"21/10/2025";"1900";"19,3";"20,1";"18,8";"49,0";"53,0";"47,0";"8,3";"9,4";"7,7";"904,0";"905,1";"903,9";"6,4";"75,0";"11,8";"2522,20";"0,0"
"21/10/2025";"2000";"17,8";"19,5";"17,8";"54,0";"54,0";"48,0";"8,3";"9,0";"7,9";"904,3";"904,4";"903,9";"7,3";"85,0";"11,8";"1688,90";"0,0"
"21/10/2025";"2100";"16,0";"17,9";"15,9";"58,0";"58,0";"52,0";"7,7";"8,6";"7,6";"906,8";"906,8";"904,1";"6,7";"88,0";"12,0";"777,40";"0,0"
"21/10/2025";"2200";"13,8";"16,0";"13,8";"66,0";"66,0";"58,0";"7,6";"7,7";"7,5";"907,3";"907,4";"906,8";"5,8";"86,0";"10,6";"82,90";"0,0"
"21/10/2025";"2300";"12,6";"14,0";"12,6";"71,0";"71,0";"65,0";"7,5";"7,6";"7,4";"907,8";"907,8";"907,3";"5,4";"84,0";"9,5";"";"0,0"
"22/10/2025";"0000";"12,2";"12,7";"12,1";"75,0";"75,0";"71,0";"7,9";"7,9";"7,5";"908,4";"908,4";"907,8";"7,0";"70,0";"11,5";"";"0,0"
"22/10/2025";"0100";"";"";"";"";"";"";"";"";"";"";"";"";"";"";"";"";""
"22/10/2025";"0200";"10,7";"11,5";"10,7";"80,0";"80,0";"79,0";"7,3";"8,0";"7,3";"908,3";"908,7";"908,3";"7,1";"67,0";"12,2";"";"0,0"
"22/10/2025";"0300";"10,9";"11,1";"10,7";"76,0";"80,0";"74,0";"6,8";"7,4";"6,7";"908,1";"908,3";"908,1";"8,1";"61,0";"12,8";"";"0,0"
"22/10/2025";"0400";"11,0";"11,0";"10,5";"76,0";"79,0";"75,0";"7,0";"7,0";"6,7";"908,1";"908,3";"908,1";"8,4";"57,0";"12,5";"";"0,0"
"22/10/2025";"0500";"11,0";"11,1";"10,8";"77,0";"78,0";"76,0";"7,2";"7,2";"6,9";"907,5";"908,2";"907,4";"8,7";"63,0";"13,5";"";"0,0"
"22/10/2025";"0600";"11,6";"11,7";"11,0";"77,0";"78,0";"75,0";"7,7";"7,8";"7,2";"907,4";"907,6";"907,3";"8,1";"56,0";"13,8";"";"0,0"
"22/10/2025";"0700";"11,0";"11,6";"10,9";"78,0";"78,0";"76,0";"7,3";"7,7";"7,2";"907,7";"907,8";"907,2";"7,4";"59,0";"13,7";"";"0,0"
"22/10/2025";"0800";"";"";"";"";"";"";"";"";"";"";"";"";"";"";"";"";""
"22/10/2025";"0900";"11,1";"11,2";"10,8";"74,0";"79,0";"73,0";"6,5";"7,5";"6,4";"908,8";"908,8";"907,9";"9,0";"59,0";"16,1";"14,70";"0,0"
"22/10/2025";"1000";"12,1";"12,1";"11,0";"69,0";"74,0";"69,0";"6,6";"6,9";"6,4";"909,6";"909,6";"908,8";"7,5";"59,0";"13,6";"457,20";"0,0"
"22/10/2025";"1100";"13,6";"13,7";"12,1";"65,0";"71,0";"65,0";"7,1";"7,5";"6,6";"910,1";"910,1";"909,6";"10,0";"56,0";"14,6";"1330,30";"0,0"
"22/10/2025";"1200";"16,2";"16,2";"13,5";"60,0";"65,0";"60,0";"8,6";"8,6";"6,9";"909,9";"910,2";"909,8";"8,5";"54,0";"17,3";"2234,30";"0,0"
"22/10/2025";"1300";"17,5";"17,5";"15,4";"54,0";"61,0";"54,0";"8,1";"8,7";"7,3";"909,8";"910,0";"909,7";"8,6";"63,0";"15,5";"3010,40";"0,0"
"22/10/2025";"1400";"19,0";"19,9";"17,2";"50,0";"56,0";"49,0";"8,3";"9,6";"7,6";"908,9";"909,9";"908,9";"7,7";"53,0";"13,2";"3576,40";"0,0"
"22/10/2025";"1500";"20,8";"21,2";"19,0";"45,0";"55,0";"43,0";"8,5";"10,3";"7,3";"906,8";"909,0";"906,6";"6,2";"45,0";"12,5";"3835,20";"0,0"
"22/10/2025";"1600";"21,8";"22,5";"20,6";"40,0";"49,0";"40,0";"7,5";"10,0";"7,5";"906,8";"907,2";"906,3";"6,1";"35,0";"12,9";"3782,80";"0,0"
"22/10/2025";"1700";"22,6";"22,8";"21,2";"40,0";"44,0";"38,0";"8,2";"9,0";"7,2";"906,6";"907,0";"906,1";"5,7";"27,0";"11,0";"3684,40";"0,0"
"22/10/2025";"1800";"22,7";"23,0";"22,1";"38,0";"43,0";"38,0";"7,5";"9,4";"7,5";"906,5";"907,0";"906,3";"5,5";"40,0";"10,1";"3258,00";"0,0"
"22/10/2025";"1900";"22,2";"23,7";"21,9";"43,0";"46,0";"37,0";"9,0";"10,3";"7,4";"906,2";"906,6";"905,9";"5,6";"79,0";"9,8";"2513,20";"0,0"
"22/10/2025";"2000";"21,3";"22,6";"21,2";"45,0";"46,0";"41,0";"8,9";"9,8";"8,3";"906,2";"906,4";"906,0";"5,2";"87,0";"9,2";"1680,50";"0,0"
"22/10/2025";"2100";"19,3";"21,3";"19,3";"55,0";"55,0";"44,0";"10,0";"10,2";"8,6";"906,3";"906,3";"906,1";"6,4";"92,0";"10,0";"779,20";"0,0"
"22/10/2025";"2200";"16,9";"19,3";"16,8";"64,0";"64,0";"55,0";"9,9";"10,1";"9,7";"907,5";"907,5";"906,3";"5,2";"86,0";"10,0";"80,90";"0,0"
"22/10/2025";"2300";"15,1";"16,9";"15,1";"72,0";"72,0";"64,0";"10,1";"10,2";"9,8";"908,2";"908,2";"907,5";"6,6";"86,0";"9,4";"";"0,0"
"23/10/2025";"0000";"14,0";"15,2";"14,0";"78,0";"78,0";"72,0";"10,1";"10,2";"10,1";"908,6";"908,6";"908,1";"8,0";"79,0";"12,8";"";"0,0"
"23/10/2025";"0100";"12,9";"14,1";"12,9";"84,0";"84,0";"78,0";"10,3";"10,3";"10,2";"908,7";"908,8";"908,5";"6,6";"81,0";"12,8";"";"0,0"
"23/10/2025";"0200";"12,4";"12,9";"12,3";"86,0";"86,0";"84,0";"10,1";"10,4";"10,1";"908,6";"908,8";"908,5";"7,6";"66,0";"12,1";"";"0,0"
"23/10/2025";"0300";"11,5";"12,4";"11,5";"86,0";"87,0";"85,0";"9,1";"10,1";"9,1";"908,2";"908,6";"908,2";"7,5";"62,0";"12,1";"";"0,0"
"23/10/2025";"0400";"10,5";"11,5";"10,4";"85,0";"86,0";"84,0";"8,1";"9,2";"8,0";"907,8";"908,2";"907,8";"6,6";"62,0";"12,8";"";"0,0"
"23/10/2025";"0500";"9,8";"10,5";"9,8";"84,0";"85,0";"82,0";"7,2";"8,0";"7,2";"907,5";"907,9";"907,5";"6,3";"68,0";"10,4";"";"0,0"
"23/10/2025";"0600";"9,7";"10,0";"9,5";"84,0";"86,0";"83,0";"7,1";"7,4";"7,1";"907,1";"907,5";"907,0";"5,9";"67,0";"10,4";"";"0,0"
"23/10/2025";"0700";"9,6";"9,8";"9,4";"85,0";"86,0";"83,0";"7,3";"7,3";"7,0";"906,9";"907,1";"906,7";"6,7";"64,0";"11,2";"";"0,0"
"23/10/2025";"0800";"";"";"";"";"";"";"";"";"";"";"";"";"";"";"";"";""
"23/10/2025";"0900";"10,0";"10,0";"9,4";"82,0";"86,0";"82,0";"7,2";"7,4";"7,0";"907,5";"907,6";"907,3";"6,1";"60,0";"9,9";"8,90";"0,0"
"23/10/2025";"1000";"12,3";"12,3";"10,0";"75,0";"82,0";"75,0";"7,9";"8,1";"7,1";"907,8";"907,8";"907,5";"7,4";"60,0";"11,7";"454,20";"0,0"
"23/10/2025";"1100";"14,7";"14,7";"12,3";"66,0";"75,0";"66,0";"8,5";"8,8";"7,9";"908,5";"908,6";"907,8";"7,6";"56,0";"13,9";"1335,40";"0,0"
"23/10/2025";"1200";"17,1";"17,1";"14,6";"57,0";"66,0";"55,0";"8,6";"8,6";"7,3";"908,9";"909,0";"908,5";"7,7";"42,0";"12,6";"2239,10";"0,0"
"23/10/2025";"1300";"18,9";"19,1";"17,1";"50,0";"57,0";"49,0";"8,2";"8,9";"7,0";"908,7";"909,0";"908,7";"7,2";"47,0";"11,6";"3001,70";"0,0"
"23/10/2025";"1400";"20,4";"21,0";"18,7";"48,0";"52,0";"46,0";"8,9";"10,0";"7,5";"907,1";"908,7";"907,0";"5,3";"43,0";"10,1";"3573,30";"0,0"
"23/10/2025";"1500";"21,5";"21,8";"20,0";"43,0";"48,0";"42,0";"8,4";"9,6";"7,5";"905,8";"907,2";"905,8";"5,5";"37,0";"10,2";"3804,70";"0,0"
"23/10/2025";"1600";"22,3";"23,2";"21,3";"43,0";"45,0";"40,0";"9,3";"10,2";"7,6";"906,0";"906,3";"905,8";"4,9";"22,0";"11,3";"3694,10";"0,0"
"23/10/2025";"1700";"23,1";"23,6";"22,4";"41,0";"45,0";"39,0";"9,1";"10,7";"8,1";"905,2";"906,1";"905,1";"4,0";"14,0";"9,9";"3622,50";"0,0"
"23/10/2025";"1800";"23,6";"24,0";"22,8";"40,0";"43,0";"39,0";"9,3";"10,1";"8,2";"904,6";"905,3";"904,5";"6,2";"46,0";"10,5";"3252,10";"0,0"
"23/10/2025";"1900";"23,5";"24,0";"23,1";"39,0";"45,0";"38,0";"8,6";"10,6";"8,4";"904,2";"904,7";"904,0";"6,7";"48,0";"10,6";"2511,80";"0,0"
"23/10/2025";"2000";"22,3";"23,6";"22,3";"43,0";"44,0";"38,0";"9,1";"10,0";"8,4";"904,4";"904,4";"904,1";"6,1";"50,0";"10,3";"1683,60";"0,0"
"23/10/2025";"2100";"21,0";"22,3";"20,7";"47,0";"50,0";"43,0";"9,3";"10,1";"9,2";"904,5";"904,5";"904,2";"6,1";"57,0";"9,5";"705,50";"0,0"
"23/10/2025";"2200";"17,5";"21,0";"17,4";"71,0";"71,0";"47,0";"12,1";"12,1";"9,1";"905,2";"905,2";"904,5";"5,9";"90,0";"9,8";"79,70";"0,0"
"23/10/2025";"2300";"15,6";"17,5";"15,6";"78,0";"78,0";"71,0";"11,8";"12,1";"11,8";"905,8";"905,9";"905,1";"5,4";"85,0";"10,1";"";"0,0"
"24/10/2025";"0000";"14,7";"15,8";"14,7";"78,0";"78,0";"76,0";"10,9";"11,8";"10,9";"906,5";"906,5";"905,8";"6,4";"82,0";"10,3";"";"0,0"
"24/10/2025";"0100";"13,7";"14,8";"13,7";"81,0";"81,0";"76,0";"10,4";"10,9";"10,4";"906,7";"906,8";"906,5";"7,0";"84,0";"11,6";"";"0,0"
"24/10/2025";"0200";"13,0";"13,7";"12,9";"83,0";"84,0";"80,0";"10,3";"10,5";"10,2";"906,7";"906,8";"906,6";"7,3";"72,0";"12,0";"";"0,0"
"24/10/2025";"0300";"12,2";"13,0";"12,2";"83,0";"84,0";"82,0";"9,4";"10,2";"9,3";"906,6";"906,8";"906,5";"8,1";"77,0";"12,8";"";"0,0"
"24/10/2025";"0400";"11,4";"12,2";"11,4";"81,0";"83,0";"80,0";"8,2";"9,4";"8,2";"906,5";"906,8";"906,5";"6,1";"58,0";"12,6";"";"0,0"
"24/10/2025";"0500";"10,9";"11,4";"10,9";"83,0";"84,0";"81,0";"8,1";"8,3";"8,1";"906,0";"906,5";"906,0";"6,6";"66,0";"10,4";"";"0,0"
"24/10/2025";"0600";"10,4";"11,0";"10,3";"84,0";"84,0";"83,0";"7,8";"8,1";"7,8";"905,7";"906,1";"905,6";"5,6";"59,0";"10,6";"";"0,0"
"24/10/2025";"0700";"";"";"";"";"";"";"";"";"";"";"";"";"";"";"";"";""
"24/10/2025";"0800";"";"";"";"";"";"";"";"";"";"";"";"";"";"";"";"";""
"24/10/2025";"0900";"9,3";"9,5";"9,1";"88,0";"89,0";"87,0";"7,5";"7,6";"7,3";"906,3";"906,3";"905,8";"4,9";"53,0";"7,5";"21,00";"0,0"
"24/10/2025";"1000";"11,8";"11,8";"9,3";"81,0";"88,0";"81,0";"8,7";"8,7";"7,5";"906,5";"906,5";"906,2";"5,4";"56,0";"7,7";"480,20";"0,0"
"24/10/2025";"1100";"14,1";"14,4";"11,8";"72,0";"81,0";"72,0";"9,1";"9,7";"8,5";"906,4";"906,6";"906,3";"7,3";"61,0";"13,4";"1379,30";"0,0"
"24/10/2025";"1200";"16,2";"16,2";"14,1";"67,0";"73,0";"65,0";"10,1";"10,2";"8,9";"906,3";"906,4";"906,1";"8,3";"52,0";"13,3";"2240,70";"0,0"
"24/10/2025";"1300";"18,6";"18,9";"16,2";"57,0";"68,0";"56,0";"9,9";"10,8";"9,4";"905,3";"906,2";"905,3";"8,0";"36,0";"14,2";"2999,00";"0,0"
"24/10/2025";"1400";"21,2";"21,5";"18,4";"50,0";"57,0";"48,0";"10,3";"10,9";"9,2";"903,2";"905,4";"903,1";"6,4";"39,0";"14,2";"3591,60";"0,0"
"24/10/2025";"1500";"23,2";"23,5";"20,7";"40,0";"50,0";"39,0";"8,9";"10,1";"8,1";"903,0";"903,3";"902,6";"8,3";"35,0";"14,0";"3872,80";"0,0"
"24/10/2025";"1600";"23,3";"23,4";"22,2";"41,0";"44,0";"38,0";"9,3";"9,8";"7,7";"902,7";"903,1";"902,7";"8,0";"20,0";"13,5";"3443,40";"0,0"
"24/10/2025";"1700";"24,3";"24,8";"23,1";"40,0";"44,0";"39,0";"9,8";"11,0";"9,2";"901,5";"902,7";"901,5";"6,9";"31,0";"12,5";"3464,70";"0,0"
"24/10/2025";"1800";"24,1";"25,0";"23,7";"40,0";"41,0";"37,0";"9,5";"10,7";"8,7";"900,9";"901,6";"900,9";"7,4";"37,0";"13,0";"3137,90";"0,0"
"24/10/2025";"1900";"23,5";"24,9";"23,4";"42,0";"43,0";"39,0";"10,1";"11,0";"9,1";"900,7";"901,0";"900,6";"7,2";"41,0";"12,3";"2116,10";"0,0"
"24/10/2025";"2000";"22,6";"23,6";"22,6";"46,0";"48,0";"42,0";"10,4";"11,2";"9,8";"900,5";"900,7";"900,4";"5,5";"32,0";"11,0";"888,30";"0,0"
"24/10/2025";"2100";"21,1";"22,6";"21,1";"50,0";"50,0";"46,0";"10,2";"10,7";"9,8";"900,9";"900,9";"900,4";"3,3";"20,0";"8,4";"436,10";"0,0"
"24/10/2025";"2200";"19,4";"21,1";"19,3";"54,0";"55,0";"50,0";"10,0";"10,5";"9,8";"901,4";"901,4";"900,9";"3,6";"44,0";"6,2";"54,30";"0,0"
"24/10/2025";"2300";"17,2";"19,4";"17,2";"76,0";"76,0";"54,0";"13,0";"13,0";"10,0";"902,0";"902,0";"901,4";"6,1";"76,0";"8,6";"";"0,0"
"25/10/2025";"0000";"15,8";"17,2";"15,8";"81,0";"81,0";"76,0";"12,6";"13,0";"12,6";"902,2";"902,2";"901,9";"7,0";"83,0";"10,7";"";"0,0"
"25/10/2025";"0100";"15,1";"15,8";"14,9";"85,0";"85,0";"81,0";"12,5";"12,6";"12,4";"902,1";"902,3";"902,0";"7,3";"80,0";"10,5";"";"0,0"
"25/10/2025";"0200";"14,3";"15,1";"14,3";"88,0";"89,0";"85,0";"12,4";"12,5";"12,3";"901,5";"902,1";"901,5";"7,4";"77,0";"11,9";"";"0,0"
"25/10/2025";"0300";"13,7";"";"";"";"";"";"";"";"";"";"";"";"";"";"";"";""
"25/10/2025";"0400";"13,6";"13,8";"13,6";"";"";"";"";"";"";"";"";"";"";"";"";"";""
"25/10/2025";"0500";"13,3";"13,7";"13,3";"91,0";"91,0";"90,0";"11,9";"12,2";"11,9";"899,3";"900,2";"899,3";"7,4";"68,0";"12,3";"";"0,0"
"25/10/2025";"0600";"13,2";"13,4";"13,1";"91,0";"92,0";"90,0";"11,7";"12,0";"11,6";"898,8";"899,5";"898,7";"8,3";"56,0";"12,6";"";"0,0"
"25/10/2025";"0700";"";"";"";"";"";"";"";"";"";"";"";"";"";"";"";"";""
"25/10/2025";"0800";"";"";"";"";"";"";"";"";"";"";"";"";"";"";"";"";""
"25/10/2025";"0900";"12,3";"12,6";"12,3";"91,0";"91,0";"90,0";"10,9";"11,1";"10,9";"900,4";"900,4";"899,3";"5,5";"64,0";"12,3";"14,10";"0,0"
"25/10/2025";"1000";"12,9";"12,9";"12,3";"89,0";"91,0";"89,0";"11,1";"11,1";"10,9";"901,1";"901,3";"900,4";"5,8";"76,0";"10,0";"315,90";"0,0"
"25/10/2025";"1100";"15,0";"15,0";"12,9";"77,0";"89,0";"76,0";"11,0";"11,3";"10,8";"901,1";"901,1";"901,0";"7,6";"56,0";"11,5";"885,50";"0,0"
"25/10/2025";"1200";"17,3";"17,3";"15,0";"66,0";"77,0";"65,0";"11,0";"11,5";"10,5";"900,9";"901,1";"900,7";"7,4";"46,0";"12,8";"1255,20";"0,0"
"25/10/2025";"1300";"21,2";"21,6";"17,3";"53,0";"66,0";"53,0";"11,3";"12,4";"10,6";"899,0";"900,9";"898,9";"7,1";"33,0";"12,5";"2509,00";"0,0"
"25/10/2025";"1400";"23,4";"23,4";"21,0";"49,0";"54,0";"46,0";"12,1";"12,1";"10,3";"899,6";"899,7";"898,6";"6,9";"23,0";"12,1";"3096,30";"0,0"
"25/10/2025";"1500";"23,7";"24,2";"22,8";"46,0";"49,0";"45,0";"11,6";"12,5";"10,9";"899,2";"899,7";"899,2";"5,7";"29,0";"12,9";"2777,30";"0,0"
"25/10/2025";"1600";"24,9";"25,7";"23,5";"45,0";"48,0";"44,0";"12,1";"13,3";"11,4";"898,5";"899,2";"898,5";"6,2";"7,0";"12,0";"2480,10";"0,0"
"25/10/2025";"1700";"25,3";"26,0";"24,9";"49,0";"49,0";"44,0";"13,7";"13,9";"12,3";"897,8";"898,5";"897,8";"6,2";"17,0";"12,0";"2627,50";"0,0"
"25/10/2025";"1800";"25,8";"26,7";"24,9";"47,0";"51,0";"46,0";"13,5";"14,8";"13,1";"897,5";"897,8";"897,5";"4,7";"360,0";"11,0";"2024,30";"0,0"
"25/10/2025";"1900";"26,3";"27,4";"25,7";"47,0";"49,0";"45,0";"14,1";"15,2";"13,5";"897,4";"897,6";"897,3";"3,7";"351,0";"10,6";"2241,20";"0,0"
"25/10/2025";"2000";"24,5";"26,8";"24,5";"54,0";"54,0";"46,0";"14,6";"14,9";"13,7";"897,9";"897,9";"897,4";"2,8";"358,0";"8,1";"677,90";"0,0"
"25/10/2025";"2100";"24,1";"24,6";"24,1";"58,0";"60,0";"53,0";"15,3";"16,1";"14,3";"898,6";"898,6";"897,9";"1,6";"74,0";"5,3";"265,40";"0,0"
"25/10/2025";"2200";"22,7";"24,1";"22,7";"60,0";"61,0";"55,0";"14,6";"15,5";"14,3";"898,7";"898,8";"898,4";"1,1";"22,0";"3,2";"24,30";"0,0"
"25/10/2025";"2300";"18,8";"23,0";"18,8";"81,0";"81,0";"60,0";"15,5";"15,6";"14,6";"900,3";"900,3";"898,8";"2,1";"263,0";"9,5";"";"0,0"
"26/10/2025";"0000";"16,9";"18,8";"16,9";"83,0";"83,0";"81,0";"14,1";"15,4";"14,1";"900,9";"900,9";"900,2";"1,7";"259,0";"6,8";"";"0,0"
"26/10/2025";"0100";"16,0";"16,9";"16,0";"87,0";"87,0";"83,0";"14,0";"14,1";"13,8";"901,9";"901,9";"900,9";"2,6";"277,0";"6,2";"";"0,0"
"26/10/2025";"0200";"16,1";"16,2";"15,8";"91,0";"91,0";"87,0";"14,6";"14,6";"13,9";"902,6";"902,6";"901,9";"1,6";"247,0";"8,5";"";"0,0"
"26/10/2025";"0300";"16,2";"16,2";"16,0";"89,0";"91,0";"89,0";"14,4";"14,6";"14,4";"901,9";"902,7";"901,8";"0,9";"229,0";"4,8";"";"0,0"
"26/10/2025";"0400";"15,9";"16,2";"15,9";"91,0";"91,0";"89,0";"14,4";"14,5";"14,4";"901,6";"902,2";"901,6";"0,8";"207,0";"3,4";"";"0,0"
"26/10/2025";"0500";"15,7";"16,2";"15,7";"91,0";"91,0";"88,0";"14,3";"14,5";"14,1";"901,5";"901,8";"901,5";"1,5";"296,0";"4,2";"";"0,0"
"26/10/2025";"0600";"16,1";"16,3";"15,6";"87,0";"93,0";"87,0";"14,0";"14,5";"14,0";"900,5";"901,5";"900,4";"1,0";"317,0";"2,9";"";"0,0"
"26/10/2025";"0700";"";"";"";"";"";"";"";"";"";"";"";"";"";"";"";"";""
"26/10/2025";"0800";"";"";"";"";"";"";"";"";"";"";"";"";"";"";"";"";""
"26/10/2025";"0900";"15,2";"16,5";"15,2";"96,0";"96,0";"86,0";"14,6";"14,6";"14,2";"900,0";"900,5";"899,1";"3,4";"100,0";"5,3";"5,20";"0,6"
"26/10/2025";"1000";"15,6";"15,6";"15,2";"96,0";"97,0";"96,0";"15,1";"15,1";"14,7";"900,6";"900,7";"900,0";"2,8";"78,0";"5,5";"131,40";"0,0"
"26/10/2025";"1100";"16,1";"16,1";"15,6";"97,0";"97,0";"96,0";"15,6";"15,6";"15,1";"901,1";"901,1";"900,5";"1,9";"125,0";"3,7";"254,50";"0,0"
"26/10/2025";"1200";"16,9";"17,0";"16,1";"97,0";"97,0";"96,0";"16,4";"16,5";"15,6";"901,2";"901,3";"901,0";"1,7";"136,0";"4,0";"634,70";"0,0"
"26/10/2025";"1300";"18,3";"18,4";"16,8";"92,0";"97,0";"91,0";"16,9";"17,1";"16,1";"900,5";"901,3";"900,5";"2,0";"110,0";"3,1";"966,40";"0,0"
"26/10/2025";"1400";"19,6";"19,8";"18,2";"86,0";"93,0";"85,0";"17,2";"17,9";"16,5";"899,1";"900,5";"898,9";"2,2";"69,0";"4,0";"1273,80";"0,0"
"26/10/2025";"1500";"21,1";"21,5";"19,6";"74,0";"86,0";"72,0";"16,2";"17,7";"15,9";"900,2";"900,2";"899,0";"1,7";"354,0";"4,1";"1962,10";"0,0"
"26/10/2025";"1600";"21,7";"21,7";"20,7";"73,0";"77,0";"72,0";"16,5";"17,1";"15,8";"899,4";"900,2";"899,4";"0,7";"343,0";"3,9";"1298,40";"0,0"
"26/10/2025";"1700";"22,2";"23,0";"21,4";"65,0";"74,0";"64,0";"15,3";"16,9";"15,2";"899,1";"899,5";"899,1";"4,3";"9,0";"8,6";"1961,80";"0,0"
"26/10/2025";"1800";"22,0";"22,7";"21,0";"68,0";"72,0";"65,0";"15,7";"16,6";"14,9";"898,6";"899,2";"898,6";"2,7";"354,0";"7,8";"1678,50";"0,0"
"26/10/2025";"1900";"19,0";"22,2";"19,0";"84,0";"84,0";"67,0";"16,2";"16,2";"15,5";"898,7";"898,7";"898,4";"4,1";"9,0";"7,1";"639,20";"0,2"
"26/10/2025";"2000";"20,2";"20,2";"18,5";"82,0";"90,0";"80,0";"17,1";"17,6";"16,2";"898,8";"898,8";"898,6";"2,3";"3,0";"6,4";"705,80";"0,0"
"26/10/2025";"2100";"19,4";"20,2";"19,3";"83,0";"83,0";"80,0";"16,3";"17,0";"16,2";"899,2";"899,2";"898,7";"1,5";"346,0";"5,0";"277,50";"0,0"
"26/10/2025";"2200";"18,2";"19,4";"18,2";"86,0";"86,0";"81,0";"15,9";"16,4";"15,9";"899,1";"899,3";"899,1";"2,0";"59,0";"3,3";"36,70";"0,0"
"26/10/2025";"2300";"18,5";"18,6";"18,1";"86,0";"88,0";"86,0";"16,1";"16,2";"15,8";"899,7";"899,7";"898,9";"2,9";"3,0";"5,2";"";"0,0"
"27/10/2025";"0000";"18,2";"18,5";"18,2";"87,0";"87,0";"86,0";"16,0";"16,1";"16,0";"900,2";"900,2";"899,7";"3,0";"360,0";"5,6";"";"0,0"
"27/10/2025";"0100";"18,0";"18,3";"17,9";"87,0";"88,0";"87,0";"15,8";"16,1";"15,8";"900,3";"900,4";"900,1";"5,0";"4,0";"7,8";"";"0,0"
"27/10/2025";"0200";"17,8";"18,0";"17,8";"88,0";"88,0";"87,0";"15,7";"15,9";"15,7";"900,4";"900,6";"900,3";"3,3";"14,0";"7,8";"";"0,0"
"27/10/2025";"0300";"17,4";"17,8";"17,3";"89,0";"89,0";"88,0";"15,5";"15,7";"15,5";"900,1";"900,4";"900,1";"2,4";"354,0";"7,3";"";"0,0"
"27/10/2025";"0400";"17,2";"17,4";"17,1";"89,0";"90,0";"89,0";"15,4";"15,5";"15,4";"900,1";"900,2";"900,1";"1,3";"313,0";"5,2";"";"0,0"
"27/10/2025";"0500";"16,9";"17,2";"16,7";"91,0";"92,0";"89,0";"15,4";"15,5";"15,2";"899,8";"900,2";"899,8";"1,4";"317,0";"3,4";"";"0,0"
"27/10/2025";"0600";"16,5";"17,0";"16,5";"94,0";"94,0";"90,0";"15,6";"15,6";"15,3";"899,7";"899,9";"899,7";"0,9";"310,0";"3,4";"";"0,0"
"27/10/2025";"0700";"16,4";"16,7";"16,4";"95,0";"95,0";"93,0";"15,7";"15,7";"15,5";"900,1";"900,1";"899,7";"1,9";"125,0";"2,7";"";"0,0"
"27/10/2025";"0800";"";"";"";"";"";"";"";"";"";"";"";"";"";"";"";"";""
"27/10/2025";"0900";"16,3";"16,7";"16,3";"96,0";"96,0";"94,0";"15,7";"15,7";"15,6";"900,9";"900,9";"900,3";"1,3";"359,0";"2,3";"1,10";"2,8"
"27/10/2025";"1000";"16,2";"16,4";"16,2";"98,0";"98,0";"96,0";"15,8";"15,9";"15,7";"901,5";"901,5";"900,9";"2,3";"91,0";"4,1";"13,40";"0,4"
"27/10/2025";"1100";"15,9";"16,3";"15,7";"97,0";"98,0";"97,0";"15,4";"15,9";"15,3";"901,9";"901,9";"901,5";"2,2";"113,0";"3,6";"164,00";"0,8"
"27/10/2025";"1200";"17,3";"17,3";"15,8";"91,0";"97,0";"91,0";"15,9";"15,9";"15,2";"902,3";"902,3";"901,9";"2,9";"98,0";"4,1";"712,60";"0,0"
"27/10/2025";"1300";"20,0";"21,0";"17,2";"77,0";"91,0";"75,0";"15,8";"17,7";"15,3";"900,8";"902,4";"900,8";"1,4";"40,0";"4,0";"2111,00";"0,0"
"27/10/2025";"1400";"21,1";"21,5";"19,7";"74,0";"81,0";"72,0";"16,3";"17,1";"15,3";"901,6";"901,7";"900,7";"1,8";"352,0";"3,4";"2100,50";"0,0"
"27/10/2025";"1500";"21,6";"22,0";"20,6";"72,0";"80,0";"72,0";"16,4";"17,8";"15,7";"901,3";"901,6";"901,3";"1,7";"111,0";"3,7";"1214,70";"0,0"
"27/10/2025";"1600";"21,5";"22,7";"21,3";"72,0";"75,0";"69,0";"16,2";"17,6";"16,1";"901,1";"901,3";"901,1";"2,3";"144,0";"4,0";"1580,60";"0,0"
"27/10/2025";"1700";"23,9";"24,2";"21,4";"66,0";"74,0";"63,0";"17,2";"17,9";"15,8";"900,4";"901,1";"900,4";"1,9";"93,0";"4,6";"2440,60";"0,0"
"27/10/2025";"1800";"23,3";"24,5";"22,1";"62,0";"71,0";"62,0";"15,6";"17,9";"15,5";"900,0";"900,4";"900,0";"1,8";"79,0";"6,4";"1442,60";"0,0"
"27/10/2025";"1900";"23,5";"24,9";"23,0";"63,0";"65,0";"57,0";"15,9";"16,9";"14,8";"899,8";"900,0";"899,7";"2,4";"149,0";"4,6";"1728,10";"0,0"
"27/10/2025";"2000";"22,8";"24,6";"22,8";"66,0";"68,0";"58,0";"16,2";"16,8";"15,0";"899,9";"899,9";"899,6";"2,4";"157,0";"4,8";"1324,00";"0,0"
"27/10/2025";"2100";"22,4";"22,9";"22,0";"67,0";"71,0";"65,0";"15,9";"16,7";"15,6";"900,3";"900,3";"899,9";"2,4";"132,0";"3,9";"257,00";"0,0"
"27/10/2025";"2200";"20,8";"22,4";"20,7";"76,0";"80,0";"67,0";"16,6";"17,1";"16,0";"900,7";"900,7";"900,3";"4,1";"109,0";"6,9";"65,30";"0,0"
"27/10/2025";"2300";"17,4";"20,8";"17,4";"91,0";"91,0";"76,0";"15,9";"16,6";"15,4";"901,8";"901,8";"900,7";"5,6";"83,0";"10,8";"";"2,2"
"28/10/2025";"0000";"16,7";"17,4";"16,6";"94,0";"95,0";"91,0";"15,7";"16,1";"15,7";"902,3";"902,3";"901,8";"3,7";"93,0";"9,1";"";"5,4"
"28/10/2025";"0100";"16,6";"16,7";"16,6";"96,0";"97,0";"94,0";"15,9";"16,2";"15,8";"902,9";"902,9";"902,3";"5,2";"87,0";"8,0";"";"0,0"
"28/10/2025";"0200";"";"";"";"";"";"";"";"";"";"";"";"";"";"";"";"";""
"28/10/2025";"0300";"16,1";"16,2";"16,1";"94,0";"94,0";"93,0";"15,1";"15,2";"15,1";"903,0";"903,2";"903,0";"6,0";"87,0";"9,0";"";"0,0"
"28/10/2025";"0400";"16,2";"16,3";"16,0";"92,0";"94,0";"92,0";"14,9";"15,1";"14,9";"903,1";"903,2";"903,0";"5,4";"67,0";"9,1";"";"0,0"
"28/10/2025";"0500";"15,5";"16,2";"15,5";"92,0";"92,0";"89,0";"14,2";"14,9";"14,2";"902,4";"903,1";"902,4";"5,2";"95,0";"9,5";"";"0,0"
"28/10/2025";"0600";"15,2";"15,5";"15,1";"95,0";"95,0";"92,0";"14,4";"14,4";"14,2";"902,4";"902,5";"902,3";"4,9";"90,0";"7,3";"";"0,0"
"28/10/2025";"0700";"15,5";"15,6";"15,2";"93,0";"95,0";"93,0";"14,5";"14,6";"14,4";"902,4";"902,5";"902,3";"4,5";"85,0";"7,1";"";"0,0"
"28/10/2025";"0800";"";"";"";"";"";"";"";"";"";"";"";"";"";"";"";"";""
"28/10/2025";"0900";"15,0";"15,3";"15,0";"95,0";"95,0";"94,0";"14,3";"14,4";"14,2";"903,2";"903,2";"902,8";"4,7";"83,0";"7,4";"10,80";"0,0"
"28/10/2025";"1000";"15,2";"15,3";"15,0";"95,0";"95,0";"94,0";"14,3";"14,4";"14,3";"903,8";"903,9";"903,2";"5,8";"85,0";"9,1";"131,90";"0,0"
"28/10/2025";"1100";"16,1";"16,1";"15,2";"92,0";"95,0";"91,0";"14,8";"14,8";"14,3";"904,1";"904,1";"903,8";"5,0";"77,0";"9,2";"432,20";"0,0"
"28/10/2025";"1200";"16,8";"17,1";"16,0";"89,0";"92,0";"88,0";"15,0";"15,3";"14,5";"904,1";"904,3";"904,0";"5,4";"59,0";"10,4";"945,20";"0,0"
"28/10/2025";"1300";"17,2";"17,4";"16,6";"87,0";"90,0";"86,0";"15,0";"15,3";"14,7";"903,7";"904,1";"903,7";"5,3";"73,0";"9,1";"781,70";"0,0"
"28/10/2025";"1400";"17,8";"18,0";"17,2";"84,0";"87,0";"83,0";"15,0";"15,4";"14,8";"902,9";"903,7";"902,9";"5,4";"87,0";"9,0";"945,60";"0,0"
"28/10/2025";"1500";"17,8";"18,0";"17,3";"87,0";"89,0";"84,0";"15,6";"16,1";"14,7";"902,2";"903,0";"902,2";"4,0";"93,0";"7,8";"708,50";"0,0"
"28/10/2025";"1600";"18,2";"18,2";"17,7";"87,0";"88,0";"85,0";"16,0";"16,1";"15,2";"901,1";"902,2";"901,1";"3,6";"83,0";"6,9";"721,40";"0,0"
"28/10/2025";"1700";"19,6";"19,6";"18,2";"74,0";"87,0";"74,0";"14,9";"16,1";"14,8";"899,8";"901,1";"899,8";"6,2";"56,0";"9,3";"756,80";"0,0"
"28/10/2025";"1800";"19,4";"20,1";"19,2";"76,0";"78,0";"72,0";"15,1";"15,4";"14,5";"899,4";"899,8";"899,1";"5,5";"63,0";"9,9";"785,60";"0,0"
"28/10/2025";"1900";"18,5";"19,4";"18,4";"77,0";"78,0";"74,0";"14,3";"15,1";"14,2";"899,8";"899,8";"899,2";"6,6";"61,0";"10,1";"263,40";"0,0"
"28/10/2025";"2000";"17,4";"18,5";"17,4";"83,0";"83,0";"77,0";"14,4";"14,5";"14,2";"900,6";"900,6";"899,8";"6,4";"66,0";"11,7";"308,70";"0,0"
"28/10/2025";"2100";"16,4";"17,4";"16,4";"88,0";"88,0";"82,0";"14,4";"14,5";"14,3";"900,4";"900,7";"900,3";"6,6";"78,0";"10,8";"126,50";"0,0"
"28/10/2025";"2200";"15,5";"16,4";"15,5";"95,0";"95,0";"88,0";"14,7";"14,7";"14,4";"901,0";"901,0";"900,1";"4,2";"87,0";"9,9";"12,40";"0,6"
"28/10/2025";"2300";"15,4";"15,5";"15,4";"96,0";"97,0";"95,0";"14,8";"14,8";"14,7";"900,8";"901,1";"900,8";"5,1";"84,0";"10,5";"";"2,8"
"29/10/2025";"0000";"15,3";"15,4";"15,3";"96,0";"96,0";"96,0";"14,7";"14,8";"14,7";"901,2";"901,4";"900,8";"4,4";"77,0";"10,5";"";"2,0"
"29/10/2025";"0100";"15,2";"15,3";"15,2";"97,0";"97,0";"96,0";"14,7";"14,7";"14,7";"901,0";"901,2";"900,9";"5,2";"88,0";"8,0";"";"2,8"
"29/10/2025";"0200";"14,8";"15,2";"14,8";"97,0";"97,0";"97,0";"14,4";"14,7";"14,4";"900,5";"901,0";"900,5";"5,3";"107,0";"9,2";"";"3,0"
"29/10/2025";"0300";"14,6";"14,8";"14,6";"98,0";"98,0";"97,0";"14,3";"14,4";"14,3";"900,5";"900,5";"900,0";"3,8";"184,0";"8,7";"";"2,8"
"29/10/2025";"0400";"13,8";"14,6";"13,8";"98,0";"98,0";"98,0";"13,6";"14,3";"13,5";"900,4";"900,5";"900,2";"4,7";"171,0";"10,2";"0,20";"10,8"
"29/10/2025";"0500";"13,6";"13,8";"13,6";"98,0";"98,0";"98,0";"13,4";"13,6";"13,3";"899,9";"900,5";"899,8";"5,8";"113,0";"9,0";"";"1,8"
"29/10/2025";"0600";"13,6";"13,6";"13,5";"98,0";"98,0";"98,0";"13,2";"13,3";"13,2";"899,4";"899,9";"899,3";"6,0";"103,0";"9,1";"";"0,4"
"29/10/2025";"0700";"13,4";"13,6";"13,4";"98,0";"98,0";"98,0";"13,1";"13,3";"13,1";"899,7";"899,7";"899,4";"4,5";"100,0";"8,3";"";"1,0"
"29/10/2025";"0800";"";"";"";"";"";"";"";"";"";"";"";"";"";"";"";"";""
"29/10/2025";"0900";"13,5";"13,5";"13,4";"98,0";"98,0";"98,0";"13,2";"13,2";"13,1";"900,3";"900,3";"899,8";"4,2";"95,0";"6,8";"8,60";"0,8"
"29/10/2025";"1000";"13,0";"13,6";"13,0";"98,0";"98,0";"98,0";"12,7";"13,3";"12,7";"901,4";"901,4";"900,3";"3,0";"195,0";"6,0";"122,30";"2,4"
"29/10/2025";"1100";"13,6";"13,8";"12,6";"98,0";"98,0";"98,0";"13,2";"13,4";"12,3";"901,9";"901,9";"901,4";"3,6";"159,0";"8,0";"649,00";"0,4"
"29/10/2025";"1200";"13,9";"14,5";"13,4";"96,0";"98,0";"95,0";"13,2";"13,9";"12,9";"902,4";"902,4";"901,9";"2,9";"191,0";"5,5";"841,70";"0,0"
"29/10/2025";"1300";"14,6";"14,6";"13,6";"96,0";"97,0";"95,0";"13,9";"14,0";"13,1";"902,4";"902,5";"902,4";"3,6";"183,0";"6,4";"1226,50";"0,0"
"29/10/2025";"1400";"14,8";"15,1";"14,4";"91,0";"96,0";"91,0";"13,3";"14,0";"13,2";"902,4";"902,5";"902,4";"3,2";"192,0";"6,5";"1351,20";"0,0"
"29/10/2025";"1500";"14,9";"16,1";"14,4";"92,0";"94,0";"89,0";"13,6";"14,7";"13,0";"902,6";"902,6";"902,4";"3,7";"186,0";"6,5";"1715,80";"0,0"
"29/10/2025";"1600";"16,0";"17,1";"15,0";"87,0";"94,0";"84,0";"13,8";"15,1";"13,6";"900,9";"902,6";"900,9";"3,2";"183,0";"6,3";"2251,10";"0,0"
"29/10/2025";"1700";"16,1";"17,5";"15,7";"88,0";"92,0";"82,0";"14,1";"15,3";"13,6";"900,1";"901,0";"900,0";"5,3";"176,0";"7,3";"2062,40";"0,0"
"29/10/2025";"1800";"15,4";"18,2";"15,4";"94,0";"95,0";"82,0";"14,4";"15,3";"13,7";"901,0";"901,0";"900,0";"3,9";"144,0";"7,3";"1745,30";"1,2"
"29/10/2025";"1900";"15,4";"15,8";"15,1";"92,0";"95,0";"92,0";"14,1";"14,9";"14,1";"901,7";"901,7";"901,0";"4,3";"172,0";"7,4";"1205,00";"0,4"
"29/10/2025";"2000";"14,8";"15,5";"14,7";"95,0";"96,0";"92,0";"14,0";"14,8";"13,8";"901,8";"901,8";"901,7";"3,8";"162,0";"8,3";"880,40";"0,2"
"29/10/2025";"2100";"14,2";"14,8";"14,2";"95,0";"96,0";"95,0";"13,5";"14,0";"13,3";"902,1";"902,1";"901,8";"4,1";"144,0";"7,9";"402,70";"0,0"
"29/10/2025";"2200";"13,5";"14,2";"13,5";"95,0";"96,0";"95,0";"12,8";"13,4";"12,7";"902,4";"902,4";"902,1";"6,3";"148,0";"9,2";"63,40";"0,0"
"29/10/2025";"2300";"13,1";"13,5";"13,1";"96,0";"96,0";"95,0";"12,5";"12,8";"12,5";"902,7";"902,7";"902,4";"5,2";"136,0";"9,2";"";"0,2"
"30/10/2025";"0000";"13,1";"13,1";"13,0";"96,0";"97,0";"96,0";"12,4";"12,6";"12,4";"903,3";"903,3";"902,7";"3,9";"137,0";"7,5";"";"0,0"
"30/10/2025";"0100";"12,8";"13,2";"12,8";"96,0";"97,0";"96,0";"12,2";"12,6";"12,1";"903,7";"903,7";"903,3";"4,4";"142,0";"6,6";"";"0,0"
"30/10/2025";"0200";"";"";"";"";"";"";"";"";"";"";"";"";"";"";"";"";""
"30/10/2025";"0300";"12,5";"12,8";"12,5";"95,0";"96,0";"95,0";"11,8";"12,1";"11,8";"903,3";"903,8";"903,3";"4,3";"113,0";"6,9";"0,50";"0,0"
"30/10/2025";"0400";"12,6";"12,6";"12,5";"95,0";"97,0";"95,0";"11,8";"12,0";"11,8";"902,8";"903,3";"902,8";"4,7";"99,0";"7,5";"";"0,0"
"30/10/2025";"0500";"12,1";"12,6";"12,1";"94,0";"95,0";"94,0";"11,1";"11,8";"11,1";"902,1";"902,8";"902,1";"4,9";"87,0";"8,0";"";"0,0"
"30/10/2025";"0600";"11,8";"12,2";"11,7";"93,0";"94,0";"93,0";"10,8";"11,1";"10,7";"901,9";"902,1";"901,9";"4,2";"81,0";"7,5";"";"0,0"
"30/10/2025";"0700";"11,4";"11,8";"11,4";"92,0";"93,0";"92,0";"10,2";"10,8";"10,2";"902,1";"902,1";"901,8";"4,7";"87,0";"7,3";"";"0,0"
"30/10/2025";"0800";"11,1";"11,4";"11,1";"94,0";"94,0";"92,0";"10,1";"10,4";"10,1";"902,5";"902,6";"902,1";"4,3";"93,0";"6,8";"";"0,0"
"30/10/2025";"0900";"10,8";"11,1";"10,7";"95,0";"95,0";"94,0";"10,1";"10,1";"9,9";"903,1";"903,1";"902,5";"4,0";"94,0";"6,2";"24,10";"0,0"
"30/10/2025";"1000";"11,8";"11,8";"10,8";"94,0";"95,0";"93,0";"10,8";"10,8";"10,1";"903,8";"903,8";"903,1";"4,2";"81,0";"6,6";"235,30";"0,0"
"30/10/2025";"1100";"12,5";"12,6";"11,8";"90,0";"94,0";"89,0";"10,9";"11,3";"10,6";"904,2";"904,2";"903,8";"3,8";"88,0";"6,9";"530,10";"0,0"
"30/10/2025";"1200";"13,2";"13,2";"12,5";"89,0";"91,0";"88,0";"11,4";"11,6";"10,7";"904,4";"904,4";"904,2";"4,1";"81,0";"6,8";"810,90";"0,0"
"30/10/2025";"1300";"14,2";"14,3";"13,0";"83,0";"89,0";"83,0";"11,4";"11,8";"10,9";"904,4";"904,5";"904,4";"4,5";"89,0";"6,9";"1110,10";"0,0"
"30/10/2025";"1400";"15,2";"15,2";"14,3";"82,0";"85,0";"81,0";"12,2";"12,5";"11,3";"904,4";"904,5";"904,3";"2,6";"109,0";"6,9";"1243,10";"0,0"
"30/10/2025";"1500";"16,3";"16,3";"15,0";"78,0";"83,0";"75,0";"12,3";"12,5";"11,4";"903,8";"904,4";"903,8";"2,6";"107,0";"4,6";"1365,30";"0,0"
"30/10/2025";"1600";"17,7";"18,1";"16,1";"72,0";"79,0";"72,0";"12,5";"13,5";"11,9";"901,2";"903,8";"901,2";"3,8";"66,0";"6,3";"2781,90";"0,0"
"30/10/2025";"1700";"16,9";"18,9";"16,9";"76,0";"76,0";"69,0";"12,6";"14,1";"12,4";"900,7";"901,5";"900,7";"5,3";"78,0";"7,4";"2474,10";"0,0"
"30/10/2025";"1800";"17,2";"17,3";"16,5";"75,0";"78,0";"74,0";"12,7";"13,2";"12,1";"901,3";"901,5";"900,6";"4,3";"108,0";"8,5";"898,80";"0,0"
"30/10/2025";"1900";"18,0";"19,3";"17,3";"72,0";"76,0";"68,0";"12,8";"14,0";"12,7";"899,7";"901,3";"899,7";"4,3";"78,0";"7,5";"2080,10";"0,0"
"30/10/2025";"2000";"17,4";"18,5";"17,2";"75,0";"78,0";"68,0";"12,9";"13,6";"12,3";"899,9";"900,0";"899,5";"5,2";"92,0";"8,8";"1113,50";"0,0"
"30/10/2025";"2100";"16,4";"17,4";"16,4";"80,0";"80,0";"75,0";"13,0";"13,2";"12,7";"901,2";"901,2";"899,9";"4,7";"87,0";"7,9";"622,30";"0,0"
"30/10/2025";"2200";"14,6";"16,4";"14,6";"88,0";"88,0";"80,0";"12,5";"13,0";"12,5";"901,6";"901,7";"901,2";"4,7";"85,0";"8,0";"59,70";"0,0"
"30/10/2025";"2300";"13,3";"14,5";"13,3";"93,0";"93,0";"88,0";"12,2";"12,5";"12,1";"901,6";"901,7";"901,5";"4,5";"90,0";"7,4";"";"0,0"
"31/10/2025";"0000";"13,2";"13,3";"13,0";"93,0";"94,0";"93,0";"12,2";"12,2";"12,0";"902,4";"902,4";"901,6";"4,4";"67,0";"7,3";"";"0,0"
"31/10/2025";"0100";"13,0";"13,4";"13,0";"94,0";"94,0";"92,0";"12,0";"12,2";"11,9";"902,5";"902,7";"902,4";"4,6";"68,0";"7,3";"";"0,0"
"31/10/2025";"0200";"12,8";"13,0";"12,6";"93,0";"95,0";"93,0";"11,8";"12,0";"11,7";"902,5";"902,6";"902,5";"4,8";"66,0";"7,8";"";"0,0"
"31/10/2025";"0300";"12,4";"12,8";"12,4";"94,0";"94,0";"93,0";"11,5";"11,8";"11,5";"901,8";"902,5";"901,8";"4,7";"79,0";"7,8";"";"0,0"
"31/10/2025";"0400";"12,5";"12,5";"12,3";"94,0";"95,0";"94,0";"11,6";"11,6";"11,4";"901,2";"901,8";"901,2";"4,3";"80,0";"7,1";"";"0,0"
"31/10/2025";"0500";"12,9";"12,9";"12,4";"94,0";"95,0";"93,0";"11,9";"11,9";"11,5";"900,6";"901,2";"900,6";"4,1";"76,0";"7,1";"";"0,0"
"31/10/2025";"0600";"13,0";"13,1";"12,9";"93,0";"94,0";"93,0";"11,8";"11,9";"11,8";"900,4";"900,6";"900,4";"3,8";"65,0";"6,4";"";"0,0"
"31/10/2025";"0700";"13,0";"13,1";"13,0";"92,0";"93,0";"92,0";"11,8";"11,9";"11,7";"900,3";"900,4";"900,2";"4,3";"58,0";"7,8";"";"0,0"
"31/10/2025";"0800";"";"";"";"";"";"";"";"";"";"";"";"";"";"";"";"";""
"31/10/2025";"0900";"13,2";"13,2";"13,1";"92,0";"92,0";"91,0";"11,9";"11,9";"11,8";"901,3";"901,3";"900,7";"3,3";"62,0";"5,9";"8,10";"0,0"
"31/10/2025";"1000";"14,0";"14,0";"13,2";"88,0";"92,0";"88,0";"12,1";"12,2";"11,8";"901,8";"901,8";"901,2";"4,0";"45,0";"6,3";"215,00";"0,0"
"31/10/2025";"1100";"15,0";"15,2";"14,0";"83,0";"88,0";"82,0";"12,1";"12,4";"11,9";"902,2";"902,2";"901,8";"3,8";"24,0";"7,3";"626,40";"0,0"
"31/10/2025";"1200";"16,3";"17,3";"14,8";"78,0";"83,0";"75,0";"12,4";"13,3";"11,8";"902,0";"902,2";"902,0";"4,4";"24,0";"8,2";"1519,90";"0,0"
"31/10/2025";"1300";"18,0";"18,0";"16,0";"74,0";"80,0";"74,0";"13,3";"13,4";"12,2";"901,2";"902,1";"901,1";"3,4";"8,0";"7,4";"1685,90";"0,0"
"31/10/2025";"1400";"20,3";"20,4";"17,5";"65,0";"76,0";"65,0";"13,6";"14,4";"12,6";"899,9";"901,2";"899,7";"3,2";"2,0";"6,4";"2699,60";"0,0"
"31/10/2025";"1500";"20,7";"22,2";"19,6";"57,0";"68,0";"55,0";"12,0";"14,3";"12,0";"900,5";"900,5";"899,7";"3,7";"360,0";"6,7";"3425,30";"0,0"
"31/10/2025";"1600";"20,3";"21,6";"19,5";"61,0";"65,0";"57,0";"12,6";"13,6";"11,9";"900,0";"900,5";"900,0";"2,3";"342,0";"7,7";"1468,10";"0,0"
"31/10/2025";"1700";"21,3";"21,3";"19,9";"59,0";"65,0";"57,0";"12,8";"13,7";"11,4";"899,4";"900,0";"899,4";"1,9";"267,0";"5,7";"1805,10";"0,0"
"31/10/2025";"1800";"20,5";"22,5";"20,5";"59,0";"63,0";"54,0";"12,2";"13,7";"11,9";"898,7";"899,4";"898,7";"1,4";"272,0";"5,6";"1624,50";"0,0"
"31/10/2025";"1900";"22,3";"22,6";"20,5";"52,0";"63,0";"50,0";"11,9";"14,3";"11,3";"898,3";"898,7";"898,3";"3,5";"296,0";"6,9";"2069,60";"0,0"
"31/10/2025";"2000";"21,7";"22,5";"21,4";"46,0";"53,0";"43,0";"9,7";"11,9";"9,0";"898,2";"898,3";"898,2";"2,4";"278,0";"7,0";"1593,90";"0,0"
"31/10/2025";"2100";"20,5";"21,7";"20,5";"48,0";"51,0";"45,0";"9,2";"10,8";"9,1";"898,6";"898,6";"898,2";"3,4";"281,0";"6,1";"850,30";"0,0"
"31/10/2025";"2200";"18,5";"20,5";"18,4";"57,0";"58,0";"48,0";"9,8";"10,1";"9,3";"898,8";"898,8";"898,6";"2,3";"275,0";"5,9";"102,90";"0,0"
"31/10/2025";"2300";"18,2";"18,8";"18,2";"55,0";"57,0";"54,0";"9,1";"9,8";"9,1";"899,4";"899,4";"898,8";"1,8";"277,0";"3,7";"";"0,0"
"01/11/2025";"0000";"17,1";"18,2";"17,1";"60,0";"61,0";"55,0";"9,2";"9,5";"8,7";"899,8";"899,8";"899,4";"0,9";"10,0";"3,0";"";"0,0"
"01/11/2025";"0100";"14,7";"17,3";"14,3";"88,0";"88,0";"58,0";"12,8";"12,8";"8,8";"900,1";"900,1";"899,8";"2,1";"76,0";"3,6";"";"0,0"
"01/11/2025";"0200";"14,4";"14,8";"13,7";"93,0";"94,0";"88,0";"13,2";"13,4";"12,4";"900,1";"900,2";"900,0";"2,5";"74,0";"4,1";"";"0,0"
"01/11/2025";"0300";"13,8";"14,5";"13,8";"96,0";"96,0";"93,0";"13,2";"13,5";"13,2";"900,0";"900,1";"899,9";"3,7";"85,0";"6,7";"";"0,0"
"01/11/2025";"0400";"13,5";"13,9";"13,4";"98,0";"98,0";"96,0";"13,2";"13,4";"13,0";"899,7";"900,0";"899,7";"3,3";"92,0";"6,7";"";"0,0"
"01/11/2025";"0500";"14,0";"14,1";"13,5";"97,0";"98,0";"97,0";"13,5";"13,7";"13,1";"899,4";"899,7";"899,3";"4,1";"74,0";"6,5";"";"0,0"
"01/11/2025";"0600";"14,5";"14,5";"13,9";"95,0";"97,0";"95,0";"13,8";"13,8";"13,5";"899,3";"899,5";"899,3";"4,5";"55,0";"6,6";"";"0,0"
"01/11/2025";"0700";"14,5";"14,6";"14,5";"95,0";"95,0";"95,0";"13,7";"13,9";"13,6";"899,3";"899,4";"899,2";"3,1";"89,0";"6,6";"";"0,0"
"01/11/2025";"0800";"";"";"";"";"";"";"";"";"";"";"";"";"";"";"";"";""
"01/11/2025";"0900";"14,1";"14,3";"13,8";"95,0";"95,0";"94,0";"13,4";"13,4";"13,0";"900,4";"900,4";"899,6";"2,7";"74,0";"5,5";"25,10";"0,0"
"01/11/2025";"1000";"15,3";"15,3";"14,0";"95,0";"96,0";"95,0";"14,5";"14,5";"13,2";"901,3";"901,3";"900,4";"3,3";"80,0";"4,8";"330,90";"0,2"
"01/11/2025";"1100";"18,0";"18,0";"15,3";"86,0";"95,0";"85,0";"15,6";"15,7";"14,4";"901,8";"901,8";"901,3";"4,0";"53,0";"5,7";"1024,00";"0,0"
"01/11/2025";"1200";"20,6";"20,6";"18,0";"72,0";"86,0";"70,0";"15,3";"16,2";"14,1";"900,5";"901,9";"900,5";"3,3";"16,0";"6,9";"2030,80";"0,0"
"01/11/2025";"1300";"21,3";"21,6";"20,0";"66,0";"72,0";"65,0";"14,6";"15,9";"14,1";"901,4";"901,4";"900,2";"2,7";"360,0";"6,0";"2446,40";"0,0"
"01/11/2025";"1400";"22,7";"22,8";"21,0";"62,0";"68,0";"60,0";"15,0";"15,8";"13,7";"901,3";"901,6";"901,3";"2,8";"286,0";"5,8";"2084,60";"0,0"
"01/11/2025";"1500";"22,6";"24,0";"21,7";"56,0";"66,0";"53,0";"13,3";"16,0";"13,0";"900,7";"901,3";"900,7";"2,7";"317,0";"6,7";"2647,00";"0,0"
"01/11/2025";"1600";"23,9";"24,7";"22,4";"56,0";"59,0";"50,0";"14,4";"15,5";"13,0";"899,8";"900,7";"899,8";"4,0";"288,0";"7,4";"2719,30";"0,0"
"01/11/2025";"1700";"24,4";"25,1";"23,9";"52,0";"58,0";"48,0";"14,0";"15,4";"12,8";"899,3";"899,8";"899,3";"2,9";"291,0";"7,4";"2508,80";"0,0"
"01/11/2025";"1800";"23,2";"24,8";"23,1";"56,0";"56,0";"49,0";"14,0";"14,3";"12,9";"899,2";"899,4";"899,2";"3,5";"286,0";"7,5";"1500,50";"0,0"
"01/11/2025";"1900";"22,5";"23,2";"22,5";"61,0";"61,0";"56,0";"14,6";"14,8";"13,9";"899,2";"899,3";"899,0";"2,8";"291,0";"6,5";"901,20";"0,0"
"01/11/2025";"2000";"21,6";"22,5";"21,6";"66,0";"68,0";"61,0";"15,1";"15,6";"14,4";"898,7";"899,2";"898,7";"1,6";"295,0";"4,9";"437,60";"0,0"
"01/11/2025";"2100";"21,0";"21,6";"21,0";"68,0";"69,0";"66,0";"15,0";"15,3";"14,8";"898,6";"898,9";"898,6";"1,2";"246,0";"2,7";"138,70";"0,0"
"01/11/2025";"2200";"20,4";"21,0";"20,4";"69,0";"70,0";"68,0";"14,6";"15,0";"14,4";"898,9";"898,9";"898,6";"0,8";"238,0";"3,4";"6,60";"0,0"
"01/11/2025";"2300";"19,4";"20,5";"19,3";"75,0";"77,0";"68,0";"15,0";"15,3";"14,5";"898,9";"898,9";"898,2";"0,9";"237,0";"4,9";"";"0,0"
"02/11/2025";"0000";"18,3";"19,5";"18,1";"86,0";"86,0";"75,0";"15,9";"15,9";"15,0";"900,0";"900,0";"898,9";"1,2";"344,0";"3,9";"";"0,0"
"02/11/2025";"0100";"18,1";"18,7";"17,8";"87,0";"88,0";"84,0";"15,9";"16,0";"15,7";"901,0";"901,0";"900,1";"1,3";"41,0";"3,5";"";"0,0"
"02/11/2025";"0200";"17,3";"18,3";"17,3";"93,0";"93,0";"87,0";"16,2";"16,2";"15,9";"900,2";"901,0";"900,2";"1,6";"327,0";"3,7";"";"0,0"
"02/11/2025";"0300";"17,1";"17,3";"16,9";"94,0";"95,0";"93,0";"16,0";"16,2";"16,0";"898,5";"900,2";"898,5";"2,8";"60,0";"5,2";"";"0,0"
"02/11/2025";"0400";"16,9";"17,1";"16,8";"93,0";"95,0";"93,0";"15,7";"16,1";"15,7";"898,2";"898,5";"897,9";"2,2";"138,0";"6,2";"";"0,0"
"02/11/2025";"0500";"16,7";"17,1";"16,7";"94,0";"94,0";"91,0";"15,8";"15,8";"15,4";"898,2";"898,8";"898,2";"1,6";"193,0";"4,0";"";"0,4"
"02/11/2025";"0600";"16,5";"16,7";"16,5";"97,0";"97,0";"94,0";"16,0";"16,0";"15,7";"899,4";"899,4";"897,9";"3,7";"202,0";"6,7";"";"0,2"
"02/11/2025";"0700";"16,5";"16,6";"16,4";"97,0";"97,0";"97,0";"16,1";"16,1";"16,0";"899,6";"899,6";"899,1";"1,6";"226,0";"6,7";"";"1,2"
"02/11/2025";"0800";"";"";"";"";"";"";"";"";"";"";"";"";"";"";"";"";""
"02/11/2025";"0900";"14,6";"14,8";"14,6";"98,0";"98,0";"97,0";"14,3";"14,4";"14,2";"898,8";"899,5";"898,8";"4,9";"121,0";"7,8";"10,90";"0,4"
"02/11/2025";"1000";"15,3";"15,3";"14,6";"96,0";"98,0";"95,0";"14,6";"14,6";"14,3";"896,3";"899,1";"896,2";"8,6";"81,0";"12,5";"298,40";"0,0"
"02/11/2025";"1100";"16,6";"16,7";"15,3";"84,0";"95,0";"84,0";"13,8";"14,8";"13,8";"897,6";"897,6";"896,2";"7,7";"67,0";"12,5";"995,20";"0,0"
"02/11/2025";"1200";"19,5";"20,1";"16,6";"72,0";"85,0";"72,0";"14,4";"15,5";"13,6";"898,2";"898,3";"897,6";"4,0";"80,0";"11,8";"2056,20";"0,0"
"02/11/2025";"1300";"20,9";"21,1";"19,3";"68,0";"75,0";"66,0";"14,9";"16,0";"13,9";"897,5";"898,2";"897,2";"3,6";"105,0";"7,8";"2911,30";"0,0"
"02/11/2025";"1400";"21,9";"22,3";"20,8";"66,0";"72,0";"65,0";"15,3";"16,3";"14,5";"898,3";"898,4";"897,4";"3,5";"106,0";"7,0";"3049,10";"0,0"
"02/11/2025";"1500";"21,5";"22,6";"21,3";"70,0";"70,0";"65,0";"15,8";"16,6";"14,6";"897,7";"898,3";"897,7";"3,6";"91,0";"8,4";"1902,20";"0,0"
"02/11/2025";"1600";"22,3";"23,6";"21,4";"66,0";"70,0";"61,0";"15,5";"16,9";"14,7";"897,2";"897,7";"897,2";"1,3";"69,0";"6,8";"1604,10";"0,0"
"02/11/2025";"1700";"23,4";"23,4";"22,1";"59,0";"69,0";"58,0";"15,0";"16,7";"14,3";"896,5";"897,2";"896,5";"0,7";"62,0";"3,8";"1378,40";"0,0"
"02/11/2025";"1800";"22,7";"25,0";"22,7";"66,0";"66,0";"56,0";"16,0";"16,4";"14,9";"895,6";"896,5";"895,6";"2,7";"143,0";"6,6";"1755,30";"0,0"
"02/11/2025";"1900";"24,2";"24,5";"22,4";"59,0";"68,0";"58,0";"15,8";"16,7";"15,4";"894,9";"895,6";"894,9";"2,9";"92,0";"6,6";"2019,20";"0,0"
"02/11/2025";"2000";"22,7";"24,3";"22,7";"62,0";"65,0";"59,0";"15,1";"16,2";"15,0";"894,5";"894,9";"894,5";"3,4";"154,0";"5,9";"770,40";"0,0"
"02/11/2025";"2100";"21,5";"22,9";"21,3";"69,0";"69,0";"62,0";"15,5";"15,9";"15,0";"895,1";"895,1";"894,5";"2,4";"90,0";"5,0";"324,20";"0,0"
"02/11/2025";"2200";"20,5";"21,7";"20,3";"75,0";"76,0";"68,0";"15,9";"15,9";"15,4";"895,8";"896,0";"895,1";"1,6";"106,0";"3,8";"96,50";"0,0"
"02/11/2025";"2300";"19,1";"20,6";"19,1";"81,0";"81,0";"74,0";"15,8";"15,9";"15,6";"896,1";"896,2";"895,8";"2,9";"92,0";"3,7";"";"0,0"
"03/11/2025";"0000";"17,9";"19,1";"17,9";"89,0";"89,0";"81,0";"16,0";"16,1";"15,6";"897,2";"897,2";"896,1";"4,1";"83,0";"6,1";"";"0,0"
"03/11/2025";"0100";"";"";"";"";"";"";"";"";"";"";"";"";"";"";"";"";""
"03/11/2025";"0200";"16,8";"17,2";"16,8";"90,0";"91,0";"89,0";"15,0";"15,4";"15,0";"897,6";"897,8";"897,6";"5,4";"76,0";"8,5";"";"0,0"
"03/11/2025";"0300";"16,6";"16,8";"16,5";"91,0";"92,0";"89,0";"15,2";"15,2";"14,9";"897,4";"897,7";"897,4";"5,5";"80,0";"8,6";"";"0,0"
"03/11/2025";"0400";"16,4";"16,7";"16,4";"91,0";"91,0";"90,0";"14,9";"15,3";"14,9";"896,8";"897,4";"896,8";"5,3";"78,0";"11,1";"";"0,0"
"03/11/2025";"0500";"16,0";"16,4";"16,0";"92,0";"92,0";"91,0";"14,7";"14,9";"14,7";"896,2";"896,8";"896,2";"4,7";"81,0";"8,8";"";"0,0"
"03/11/2025";"0600";"15,7";"16,0";"15,7";"93,0";"93,0";"92,0";"14,6";"14,8";"14,5";"896,2";"896,3";"896,2";"4,4";"77,0";"7,0";"";"0,0"
"03/11/2025";"0700";"15,7";"15,9";"15,6";"93,0";"94,0";"92,0";"14,6";"14,8";"14,5";"896,0";"896,2";"895,8";"3,5";"78,0";"7,0";"";"0,0"
"03/11/2025";"0800";"";"";"";"";"";"";"";"";"";"";"";"";"";"";"";"";""
"03/11/2025";"0900";"15,4";"15,6";"15,2";"95,0";"95,0";"94,0";"14,6";"14,6";"14,4";"896,4";"896,4";"896,1";"3,2";"91,0";"5,1";"28,10";"0,0"
"03/11/2025";"1000";"17,4";"17,5";"15,4";"87,0";"95,0";"86,0";"15,1";"15,3";"14,6";"897,1";"897,2";"896,4";"3,8";"16,0";"5,8";"392,90";"0,0"
"03/11/2025";"1100";"18,6";"20,1";"17,3";"83,0";"87,0";"78,0";"15,6";"16,8";"15,0";"897,6";"897,8";"897,1";"2,7";"339,0";"7,7";"810,20";"0,0"
"03/11/2025";"1200";"20,6";"20,7";"18,2";"77,0";"87,0";"77,0";"16,5";"17,3";"15,6";"897,1";"897,6";"896,9";"1,7";"285,0";"5,4";"1324,30";"0,0"
"03/11/2025";"1300";"21,6";"23,1";"20,2";"76,0";"79,0";"70,0";"17,2";"18,3";"16,1";"897,8";"897,8";"896,8";"1,4";"267,0";"5,5";"1635,70";"0,0"
"03/11/2025";"1400";"22,6";"22,9";"20,4";"75,0";"81,0";"70,0";"18,0";"18,3";"16,4";"897,2";"897,8";"897,2";"2,0";"199,0";"5,7";"2150,00";"0,0"
"03/11/2025";"1500";"23,4";"24,2";"22,3";"65,0";"75,0";"64,0";"16,5";"18,1";"15,9";"896,7";"897,2";"896,6";"2,6";"229,0";"8,1";"2352,90";"0,0"
"03/11/2025";"1600";"18,6";"23,4";"18,6";"78,0";"78,0";"66,0";"14,7";"16,5";"14,3";"897,5";"897,5";"896,5";"7,1";"175,0";"13,5";"1766,50";"0,0"
"03/11/2025";"1700";"17,2";"18,6";"16,8";"90,0";"90,0";"78,0";"15,6";"15,6";"14,5";"898,2";"898,6";"897,3";"3,0";"133,0";"11,1";"276,70";"2,8"
"03/11/2025";"1800";"18,6";"18,9";"17,0";"86,0";"90,0";"84,0";"16,1";"16,7";"15,1";"897,0";"898,2";"897,0";"4,1";"109,0";"6,0";"1254,10";"0,4"
"03/11/2025";"1900";"19,6";"20,2";"18,5";"83,0";"86,0";"78,0";"16,5";"16,9";"15,6";"895,6";"897,0";"895,5";"3,2";"108,0";"5,8";"1509,40";"0,0"
"03/11/2025";"2000";"22,0";"22,3";"19,5";"69,0";"83,0";"67,0";"16,0";"17,3";"15,6";"896,6";"896,6";"895,6";"0,9";"257,0";"4,3";"1657,60";"0,0"
"03/11/2025";"2100";"21,6";"22,2";"21,4";"64,0";"70,0";"61,0";"14,4";"16,1";"13,8";"896,7";"896,7";"896,4";"1,1";"210,0";"3,7";"823,50";"0,0"
"03/11/2025";"2200";"19,6";"21,6";"19,6";"71,0";"71,0";"62,0";"14,1";"14,3";"13,8";"896,8";"896,8";"896,6";"1,6";"139,0";"2,1";"109,70";"0,0"
"03/11/2025";"2300";"19,5";"19,6";"19,1";"75,0";"78,0";"71,0";"14,9";"15,5";"14,1";"897,4";"897,4";"896,8";"1,1";"96,0";"2,4";"";"0,0"
"04/11/2025";"0000";"17,3";"19,5";"17,2";"88,0";"89,0";"75,0";"15,3";"15,5";"14,8";"897,8";"897,8";"897,4";"3,0";"51,0";"4,8";"";"0,0"
"04/11/2025";"0100";"15,8";"17,4";"15,8";"94,0";"94,0";"87,0";"14,9";"15,3";"14,8";"898,2";"898,2";"897,8";"3,0";"100,0";"4,9";"";"0,0"
"04/11/2025";"0200";"15,4";"15,8";"15,3";"96,0";"96,0";"94,0";"14,7";"15,0";"14,6";"898,2";"898,2";"898,1";"3,6";"83,0";"5,6";"";"0,0"
"04/11/2025";"0300";"15,8";"15,8";"15,1";"94,0";"96,0";"94,0";"14,8";"15,0";"14,4";"898,2";"898,3";"898,2";"4,9";"51,0";"6,4";"";"0,0"
"04/11/2025";"0400";"15,4";"15,8";"15,3";"94,0";"94,0";"94,0";"14,5";"14,9";"14,4";"897,8";"898,2";"897,8";"4,1";"62,0";"6,9";"";"0,0"
"04/11/2025";"0500";"14,3";"15,4";"14,3";"97,0";"97,0";"94,0";"13,8";"14,5";"13,8";"897,5";"897,8";"897,5";"3,2";"100,0";"5,6";"";"0,0"
"04/11/2025";"0600";"14,2";"14,5";"14,0";"97,0";"98,0";"97,0";"13,8";"14,0";"13,6";"897,4";"897,5";"897,4";"3,5";"81,0";"4,8";"";"0,0"
"04/11/2025";"0700";"14,4";"14,5";"14,1";"97,0";"97,0";"97,0";"14,0";"14,0";"13,7";"897,4";"897,4";"897,1";"3,8";"64,0";"6,6";"";"0,0"
"04/11/2025";"0800";"";"";"";"";"";"";"";"";"";"";"";"";"";"";"";"";""
"04/11/2025";"0900";"14,9";"14,9";"14,7";"94,0";"96,0";"94,0";"14,0";"14,1";"13,9";"898,1";"898,1";"897,3";"4,3";"67,0";"6,4";"26,10";"0,0"
"04/11/2025";"1000";"16,9";"16,9";"14,9";"89,0";"94,0";"89,0";"15,1";"15,3";"14,0";"898,8";"898,8";"898,1";"3,4";"50,0";"6,4";"528,10";"0,0"
"04/11/2025";"1100";"19,1";"19,3";"16,8";"80,0";"89,0";"80,0";"15,6";"16,2";"14,9";"899,1";"899,3";"898,8";"3,4";"50,0";"5,0";"1385,70";"0,0"
"04/11/2025";"1200";"19,8";"19,9";"18,6";"79,0";"83,0";"77,0";"16,0";"16,1";"15,1";"899,1";"899,4";"899,0";"3,8";"15,0";"6,6";"1799,40";"0,0"
"04/11/2025";"1300";"22,7";"22,8";"19,8";"70,0";"79,0";"70,0";"17,0";"17,7";"15,8";"899,6";"899,6";"899,0";"2,2";"7,0";"7,1";"2927,60";"0,0"
"04/11/2025";"1400";"23,7";"24,3";"22,4";"65,0";"72,0";"64,0";"16,8";"18,0";"16,2";"899,4";"899,6";"899,3";"2,9";"334,0";"7,8";"3524,70";"0,0"
"04/11/2025";"1500";"25,7";"25,7";"23,2";"56,0";"70,0";"54,0";"16,2";"18,2";"14,3";"898,7";"899,5";"898,7";"4,0";"287,0";"8,7";"2608,90";"0,2"
"04/11/2025";"1600";"25,3";"26,0";"23,9";"56,0";"61,0";"51,0";"16,0";"16,7";"14,6";"898,2";"898,7";"898,2";"3,6";"282,0";"8,2";"2882,20";"0,0"
"04/11/2025";"1700";"27,0";"27,2";"25,3";"50,0";"57,0";"48,0";"15,6";"16,9";"14,6";"897,6";"898,2";"897,6";"4,3";"292,0";"10,4";"3494,00";"0,0"
"04/11/2025";"1800";"27,0";"27,4";"25,8";"52,0";"56,0";"48,0";"16,2";"17,0";"14,6";"897,1";"897,6";"897,1";"3,8";"271,0";"8,4";"2977,50";"0,0"
"04/11/2025";"1900";"26,9";"27,4";"25,7";"51,0";"54,0";"48,0";"15,9";"16,7";"15,0";"896,4";"897,1";"896,4";"3,3";"285,0";"7,6";"2349,60";"0,0"
"04/11/2025";"2000";"26,4";"27,3";"26,4";"52,0";"54,0";"49,0";"15,6";"16,3";"15,2";"896,2";"896,4";"896,1";"3,2";"281,0";"8,1";"1648,40";"0,0"
"04/11/2025";"2100";"25,3";"26,5";"25,3";"58,0";"58,0";"51,0";"16,4";"16,7";"15,4";"896,4";"896,4";"896,1";"1,5";"275,0";"6,3";"825,00";"0,0"
"04/11/2025";"2200";"";"";"";"";"";"";"";"";"";"";"";"";"";"";"";"";""
"04/11/2025";"2300";"";"";"";"";"";"";"";"";"";"";"";"";"";"";"";"";""
"05/11/2025";"0000";"";"";"";"";"";"";"";"";"";"";"";"";"";"";"";"";""
"05/11/2025";"0100";"";"";"";"";"";"";"";"";"";"";"";"";"";"";"";"";""
"05/11/2025";"0200";"";"";"";"";"";"";"";"";"";"";"";"";"";"";"";"";""
"05/11/2025";"0300";"20,8";"22,0";"20,5";"74,0";"75,0";"67,0";"16,0";"16,0";"15,4";"898,7";"899,0";"898,7";"1,2";"310,0";"2,2";"";"0,0"
"05/11/2025";"0400";"20,1";"21,3";"19,7";"75,0";"77,0";"70,0";"15,5";"15,9";"15,5";"898,3";"898,7";"898,3";"1,8";"328,0";"2,4";"";"0,0"
"05/11/2025";"0500";"20,2";"21,0";"19,9";"73,0";"75,0";"70,0";"15,2";"15,6";"15,1";"897,6";"898,3";"897,6";"1,7";"318,0";"2,8";"";"0,0"
"05/11/2025";"0600";"19,6";"20,3";"19,6";"78,0";"78,0";"73,0";"15,6";"15,7";"15,1";"897,4";"897,7";"897,4";"1,6";"312,0";"2,5";"";"0,0"
"05/11/2025";"0700";"";"";"";"";"";"";"";"";"";"";"";"";"";"";"";"";""
"05/11/2025";"0800";"";"";"";"";"";"";"";"";"";"";"";"";"";"";"";"";""
"05/11/2025";"0900";"18,6";"18,6";"18,1";"85,0";"87,0";"84,0";"16,0";"16,1";"15,6";"897,8";"897,8";"897,2";"1,5";"307,0";"2,8";"38,50";"0,0"
"05/11/2025";"1000";"20,1";"20,1";"18,6";"80,0";"85,0";"80,0";"16,5";"16,7";"16,0";"897,1";"898,3";"897,1";"1,3";"314,0";"2,5";"561,90";"0,0"
"05/11/2025";"1100";"21,9";"22,1";"19,8";"69,0";"85,0";"69,0";"16,0";"17,5";"16,0";"899,0";"899,1";"897,0";"2,2";"298,0";"4,0";"1255,70";"0,0"
"05/11/2025";"1200";"22,9";"22,9";"21,6";"66,0";"72,0";"64,0";"16,3";"17,5";"15,6";"899,7";"899,7";"899,0";"3,8";"295,0";"5,8";"1799,70";"0,0"
"05/11/2025";"1300";"23,3";"23,7";"22,7";"65,0";"68,0";"62,0";"16,3";"17,0";"15,3";"899,5";"899,8";"899,4";"2,9";"264,0";"9,3";"2062,20";"0,0"
"05/11/2025";"1400";"24,4";"24,8";"23,0";"62,0";"66,0";"61,0";"16,7";"17,3";"15,8";"899,8";"899,8";"899,4";"3,2";"268,0";"9,6";"2841,40";"0,0"
"05/11/2025";"1500";"24,3";"25,0";"23,2";"60,0";"64,0";"57,0";"16,0";"17,1";"15,4";"899,9";"900,1";"899,7";"4,1";"279,0";"9,8";"2588,10";"0,0"
"05/11/2025";"1600";"25,5";"25,7";"23,8";"56,0";"62,0";"55,0";"16,0";"17,1";"14,9";"899,4";"900,0";"899,3";"5,1";"287,0";"11,1";"3254,90";"0,0"
"05/11/2025";"1700";"25,5";"26,5";"25,0";"48,0";"57,0";"47,0";"13,5";"16,6";"13,4";"899,3";"899,5";"899,2";"6,2";"279,0";"11,5";"3429,30";"0,0"
"05/11/2025";"1800";"25,1";"25,7";"24,4";"50,0";"54,0";"46,0";"13,9";"15,1";"13,0";"899,0";"899,3";"898,9";"4,1";"274,0";"11,9";"2357,20";"0,0"
"05/11/2025";"1900";"25,1";"25,7";"24,4";"51,0";"53,0";"45,0";"14,1";"14,8";"12,4";"899,0";"899,0";"898,9";"3,1";"256,0";"10,2";"2113,50";"0,0"
"05/11/2025";"2000";"24,5";"25,2";"23,7";"47,0";"52,0";"45,0";"12,5";"14,2";"11,7";"899,0";"899,1";"898,9";"3,9";"280,0";"10,0";"1506,00";"0,0"
"05/11/2025";"2100";"23,1";"24,6";"23,1";"48,0";"48,0";"44,0";"11,5";"12,8";"11,0";"899,1";"899,1";"899,0";"2,9";"271,0";"8,8";"850,60";"0,0"
"05/11/2025";"2200";"21,3";"23,2";"21,3";"42,0";"50,0";"41,0";"8,0";"11,9";"8,0";"899,6";"899,6";"899,1";"1,7";"240,0";"8,1";"142,90";"0,0"
"05/11/2025";"2300";"18,8";"21,4";"18,8";"63,0";"63,0";"42,0";"11,7";"11,7";"7,3";"900,4";"900,4";"899,6";"4,2";"192,0";"9,6";"";"0,0"
"06/11/2025";"0000";"";"";"";"";"";"";"";"";"";"";"";"";"";"";"";"";""
"06/11/2025";"0100";"15,8";"17,3";"15,7";"72,0";"72,0";"65,0";"10,8";"10,8";"10,5";"901,5";"901,5";"900,9";"3,3";"156,0";"8,3";"";"0,0"
"06/11/2025";"0200";"14,7";"15,8";"14,7";"81,0";"81,0";"72,0";"11,5";"11,5";"10,8";"902,1";"902,1";"901,5";"5,2";"183,0";"7,7";"";"0,0"
"06/11/2025";"0300";"14,0";"14,8";"14,0";"85,0";"86,0";"81,0";"11,6";"11,6";"11,5";"902,3";"902,3";"902,0";"3,2";"175,0";"7,1";"";"0,0"
"06/11/2025";"0400";"13,1";"14,0";"13,1";"83,0";"87,0";"82,0";"10,3";"11,6";"10,3";"902,2";"902,4";"902,2";"4,5";"168,0";"8,0";"";"0,0"
"06/11/2025";"0500";"12,3";"13,2";"12,3";"88,0";"88,0";"83,0";"10,3";"10,4";"10,2";"901,8";"902,2";"901,8";"3,3";"165,0";"7,6";"";"0,0"
"06/11/2025";"0600";"11,5";"12,3";"11,5";"90,0";"90,0";"88,0";"9,9";"10,4";"9,9";"901,6";"901,9";"901,6";"2,8";"155,0";"5,6";"";"0,0"
"06/11/2025";"0700";"10,5";"11,5";"10,4";"94,0";"94,0";"90,0";"9,5";"9,9";"9,3";"901,8";"901,8";"901,6";"2,4";"139,0";"4,4";"";"0,0"
"06/11/2025";"0800";"";"";"";"";"";"";"";"";"";"";"";"";"";"";"";"";""
"06/11/2025";"0900";"9,8";"10,2";"9,4";"96,0";"96,0";"94,0";"9,1";"9,3";"8,7";"902,5";"902,5";"902,1";"2,4";"131,0";"3,5";"47,30";"0,0"
"06/11/2025";"1000";"12,1";"12,1";"9,8";"87,0";"96,0";"87,0";"10,1";"10,1";"9,1";"903,1";"903,1";"902,5";"2,8";"113,0";"4,0";"590,50";"0,0"
"06/11/2025";"1100";"13,7";"13,9";"11,8";"75,0";"88,0";"75,0";"9,5";"10,3";"9,3";"903,1";"903,1";"902,9";"4,2";"106,0";"7,1";"1528,70";"0,0"
"06/11/2025";"1200";"15,8";"15,8";"13,7";"65,0";"77,0";"61,0";"9,2";"10,0";"7,8";"903,1";"903,3";"903,1";"4,1";"133,0";"6,8";"2410,30";"0,0"
"06/11/2025";"1300";"18,1";"18,5";"15,7";"51,0";"65,0";"46,0";"8,0";"9,6";"6,1";"902,9";"903,2";"902,8";"4,0";"116,0";"7,3";"3195,20";"0,0"
"06/11/2025";"1400";"20,2";"20,2";"17,9";"36,0";"53,0";"34,0";"4,6";"8,7";"3,8";"901,2";"902,9";"901,2";"2,7";"124,0";"7,2";"3743,10";"0,0"
"06/11/2025";"1500";"21,2";"22,1";"19,8";"36,0";"41,0";"32,0";"5,4";"7,4";"3,1";"900,7";"901,2";"900,1";"2,6";"113,0";"5,5";"3589,90";"0,0"
"06/11/2025";"1600";"22,5";"22,5";"21,1";"30,0";"40,0";"27,0";"4,0";"7,6";"2,1";"900,6";"900,9";"900,5";"1,1";"19,0";"6,3";"3435,00";"0,0"
"06/11/2025";"1700";"23,8";"23,9";"22,0";"31,0";"34,0";"26,0";"5,5";"6,1";"2,2";"899,7";"900,6";"899,7";"2,8";"70,0";"6,3";"3688,60";"0,0"
"06/11/2025";"1800";"24,0";"24,8";"23,6";"27,0";"31,0";"25,0";"3,6";"6,1";"2,8";"898,8";"899,7";"898,8";"2,2";"181,0";"5,2";"3451,90";"0,0"
"06/11/2025";"1900";"24,2";"24,9";"23,9";"27,0";"29,0";"24,0";"4,0";"5,2";"2,6";"898,0";"898,9";"898,0";"3,0";"112,0";"5,6";"2668,70";"0,0"
"06/11/2025";"2000";"24,5";"25,0";"23,9";"24,0";"31,0";"24,0";"2,9";"6,4";"2,5";"897,4";"898,0";"897,4";"0,8";"154,0";"6,5";"1845,90";"0,0"
"06/11/2025";"2100";"21,9";"24,5";"21,9";"35,0";"37,0";"25,0";"5,9";"7,0";"4,4";"897,3";"897,4";"897,3";"3,4";"115,0";"5,6";"878,00";"0,0"
"06/11/2025";"2200";"19,5";"21,9";"19,5";"39,0";"39,0";"35,0";"5,2";"6,3";"4,9";"897,3";"897,4";"897,2";"3,6";"107,0";"5,7";"124,50";"0,0"
"06/11/2025";"2300";"17,3";"19,6";"17,0";"60,0";"60,0";"38,0";"9,4";"9,4";"4,6";"898,1";"898,1";"897,3";"5,3";"87,0";"7,6";"";"0,0"
"07/11/2025";"0000";"16,1";"17,4";"16,0";"77,0";"77,0";"60,0";"12,1";"12,1";"9,5";"898,5";"898,6";"898,1";"6,3";"85,0";"10,8";"";"0,0"
"07/11/2025";"0100";"14,8";"16,2";"14,8";"85,0";"85,0";"77,0";"12,3";"12,5";"12,1";"899,1";"899,1";"898,5";"6,7";"84,0";"10,8";"";"0,0"
"07/11/2025";"0200";"14,1";"14,9";"14,1";"85,0";"85,0";"83,0";"11,7";"12,4";"11,5";"899,2";"899,4";"899,1";"6,1";"71,0";"11,7";"";"0,0"
"07/11/2025";"0300";"13,7";"14,2";"13,7";"87,0";"87,0";"85,0";"11,5";"11,7";"11,4";"898,6";"899,2";"898,5";"5,6";"72,0";"9,9";"";"0,0"
"07/11/2025";"0400";"13,9";"14,1";"13,7";"85,0";"87,0";"84,0";"11,5";"11,6";"11,4";"898,1";"898,6";"898,0";"6,0";"65,0";"10,7";"";"0,0"
"07/11/2025";"0500";"13,4";"14,0";"13,4";"88,0";"88,0";"85,0";"11,4";"11,5";"11,3";"897,5";"898,1";"897,5";"7,8";"63,0";"11,5";"";"0,0"
"07/11/2025";"0600";"13,2";"13,4";"13,1";"87,0";"89,0";"87,0";"11,0";"11,4";"11,0";"897,1";"897,5";"897,0";"7,8";"52,0";"12,7";"";"0,0"
"07/11/2025";"0700";"13,3";"13,3";"13,1";"85,0";"87,0";"85,0";"10,8";"11,0";"10,8";"897,1";"897,1";"896,8";"7,7";"51,0";"12,7";"";"0,0"
"07/11/2025";"0800";"";"";"";"";"";"";"";"";"";"";"";"";"";"";"";"";""
"07/11/2025";"0900";"13,6";"13,6";"13,4";"84,0";"85,0";"84,0";"11,0";"11,0";"10,9";"897,7";"897,8";"897,1";"5,5";"59,0";"9,6";"11,90";"0,0"
"07/11/2025";"1000";"13,8";"13,9";"13,5";"85,0";"86,0";"84,0";"11,3";"11,6";"11,0";"897,5";"898,0";"897,5";"5,0";"78,0";"8,9";"217,90";"0,0"
"07/11/2025";"1100";"13,6";"13,8";"13,3";"86,0";"86,0";"85,0";"11,2";"11,4";"11,1";"896,8";"897,7";"896,8";"6,3";"83,0";"9,7";"273,70";"0,0"
"07/11/2025";"1200";"14,3";"14,8";"13,6";"83,0";"86,0";"81,0";"11,4";"11,7";"11,2";"896,2";"896,8";"895,9";"7,5";"64,0";"11,6";"629,40";"0,0"
"07/11/2025";"1300";"15,0";"15,1";"14,0";"83,0";"87,0";"82,0";"12,1";"12,5";"11,4";"894,5";"896,2";"894,4";"7,9";"63,0";"13,0";"1035,20";"0,0"
"07/11/2025";"1400";"15,1";"15,8";"15,0";"85,0";"85,0";"81,0";"12,6";"12,7";"12,1";"893,0";"894,6";"893,0";"5,0";"81,0";"10,7";"422,50";"0,0"
"07/11/2025";"1500";"15,1";"15,5";"15,1";"87,0";"88,0";"83,0";"13,0";"13,1";"12,5";"893,5";"893,5";"892,4";"4,5";"66,0";"11,0";"252,20";"0,2"
"07/11/2025";"1600";"14,1";"15,1";"13,8";"94,0";"94,0";"87,0";"13,1";"13,2";"12,9";"892,7";"894,8";"891,8";"6,1";"95,0";"10,4";"149,60";"1,6"
"07/11/2025";"1700";"14,1";"14,3";"13,7";"95,0";"96,0";"94,0";"13,3";"13,6";"12,9";"891,3";"892,7";"891,1";"8,8";"76,0";"12,5";"650,30";"1,0"
"07/11/2025";"1800";"15,0";"15,0";"14,1";"93,0";"95,0";"92,0";"13,8";"13,8";"13,2";"889,0";"891,3";"889,0";"8,8";"67,0";"13,2";"615,70";"0,0"
"07/11/2025";"1900";"14,8";"15,1";"14,8";"93,0";"93,0";"91,0";"13,6";"13,9";"13,5";"888,6";"889,5";"888,6";"7,7";"68,0";"13,2";"388,60";"0,0"
"07/11/2025";"2000";"14,8";"14,8";"14,7";"94,0";"94,0";"93,0";"13,8";"13,8";"13,5";"887,5";"888,6";"887,3";"8,6";"64,0";"13,5";"53,70";"0,2"
"07/11/2025";"2100";"14,0";"15,2";"14,0";"98,0";"98,0";"94,0";"13,6";"14,9";"13,6";"890,2";"891,2";"886,9";"5,7";"172,0";"16,6";"8,00";"13,4"
"07/11/2025";"2200";"14,1";"14,1";"13,8";"98,0";"98,0";"98,0";"13,8";"13,8";"13,5";"890,2";"890,9";"889,9";"2,7";"128,0";"8,6";"2,50";"5,4"
"07/11/2025";"2300";"14,6";"14,7";"14,0";"99,0";"99,0";"98,0";"14,4";"14,5";"13,8";"890,4";"890,6";"889,4";"1,8";"128,0";"4,9";"";"3,8"
"08/11/2025";"0000";"14,7";"14,7";"14,5";"99,0";"99,0";"99,0";"14,5";"14,5";"14,3";"890,1";"890,6";"889,8";"1,9";"118,0";"3,4";"0,20";"1,8"
"08/11/2025";"0100";"15,5";"15,8";"14,7";"99,0";"99,0";"99,0";"15,3";"15,6";"14,5";"889,7";"890,3";"889,6";"1,6";"72,0";"4,2";"";"0,0"
"08/11/2025";"0200";"16,2";"16,9";"15,3";"99,0";"99,0";"99,0";"16,0";"16,6";"15,1";"889,6";"890,0";"889,5";"0,6";"298,0";"3,8";"";"0,0"
"08/11/2025";"0300";"17,3";"17,3";"16,1";"99,0";"99,0";"99,0";"17,1";"17,1";"16,0";"889,2";"889,6";"889,0";"1,9";"305,0";"4,6";"";"0,2"
"08/11/2025";"0400";"17,1";"17,4";"17,0";"98,0";"99,0";"98,0";"16,8";"17,2";"16,8";"889,2";"889,4";"889,1";"4,1";"292,0";"7,6";"";"0,0"
"08/11/2025";"0500";"16,0";"17,1";"16,0";"97,0";"98,0";"97,0";"15,6";"16,8";"15,6";"889,3";"889,4";"888,7";"5,1";"290,0";"9,8";"0,20";"0,0"
"08/11/2025";"0600";"";"";"";"";"";"";"";"";"";"";"";"";"";"";"";"";""
"08/11/2025";"0700";"";"";"";"";"";"";"";"";"";"";"";"";"";"";"";"";""
"08/11/2025";"0800";"";"";"";"";"";"";"";"";"";"";"";"";"";"";"";"";""
"08/11/2025";"0900";"11,7";"12,5";"11,7";"98,0";"98,0";"98,0";"11,4";"12,2";"11,4";"892,1";"892,1";"891,0";"5,2";"277,0";"12,6";"16,10";"0,2"
"08/11/2025";"1000";"11,6";"11,8";"11,6";"98,0";"98,0";"97,0";"11,2";"11,5";"11,2";"892,8";"892,8";"892,1";"5,6";"279,0";"12,4";"122,20";"0,4"
"08/11/2025";"1100";"12,2";"12,3";"11,5";"97,0";"98,0";"97,0";"11,8";"11,9";"11,2";"893,5";"893,5";"892,7";"5,1";"274,0";"13,0";"588,00";"1,0"
"08/11/2025";"1200";"12,6";"13,1";"12,2";"93,0";"97,0";"93,0";"11,4";"12,3";"11,4";"894,3";"894,3";"893,5";"5,9";"279,0";"12,6";"983,00";"0,0"
"08/11/2025";"1300";"14,3";"14,3";"12,5";"87,0";"93,0";"87,0";"12,1";"12,7";"11,3";"894,8";"894,8";"894,3";"5,2";"277,0";"12,1";"1900,30";"0,0"
"08/11/2025";"1400";"13,9";"14,3";"13,3";"83,0";"89,0";"82,0";"11,0";"12,2";"10,6";"895,7";"895,8";"894,7";"3,4";"228,0";"11,2";"1552,00";"0,0"
"08/11/2025";"1500";"14,6";"15,1";"13,6";"82,0";"89,0";"80,0";"11,6";"12,9";"10,9";"896,2";"896,2";"895,6";"2,7";"247,0";"9,4";"1836,80";"0,0"
"08/11/2025";"1600";"15,6";"16,2";"14,4";"83,0";"86,0";"79,0";"12,7";"13,2";"11,6";"895,7";"896,4";"895,7";"2,9";"255,0";"7,6";"2028,50";"0,0"
"08/11/2025";"1700";"14,5";"16,5";"14,1";"92,0";"95,0";"82,0";"13,2";"15,5";"12,2";"895,8";"895,9";"895,5";"2,2";"244,0";"7,0";"2155,20";"1,0"
"08/11/2025";"1800";"15,6";"15,9";"14,2";"86,0";"95,0";"85,0";"13,3";"14,7";"12,1";"896,5";"896,5";"895,7";"3,4";"201,0";"11,1";"1704,20";"0,6"
"08/11/2025";"1900";"17,1";"17,1";"15,5";"74,0";"87,0";"72,0";"12,5";"13,6";"11,5";"896,4";"896,6";"896,4";"4,2";"182,0";"11,3";"1691,70";"0,0"
"08/11/2025";"2000";"15,7";"17,1";"15,3";"77,0";"81,0";"73,0";"11,7";"12,4";"11,5";"897,2";"897,2";"896,4";"5,0";"185,0";"9,6";"726,90";"0,0"
"08/11/2025";"2100";"15,5";"16,0";"15,5";"74,0";"78,0";"73,0";"10,9";"12,0";"10,7";"898,0";"898,1";"897,2";"4,7";"167,0";"8,2";"384,10";"0,0"
"08/11/2025";"2200";"14,5";"15,5";"14,5";"78,0";"79,0";"74,0";"10,8";"11,2";"10,8";"898,5";"898,5";"898,0";"3,9";"171,0";"7,9";"53,70";"0,0"
"08/11/2025";"2300";"13,8";"14,5";"13,8";"82,0";"82,0";"78,0";"10,8";"10,8";"10,4";"899,4";"899,4";"898,5";"4,1";"148,0";"7,0";"";"0,0"
"09/11/2025";"0000";"13,1";"13,8";"13,1";"83,0";"83,0";"81,0";"10,3";"10,9";"10,3";"900,2";"900,2";"899,4";"5,3";"158,0";"8,0";"";"0,0"
"09/11/2025";"0100";"12,1";"13,1";"12,1";"87,0";"87,0";"83,0";"10,1";"10,3";"10,1";"901,1";"901,1";"900,2";"3,8";"160,0";"9,2";"";"0,0"
"09/11/2025";"0200";"";"";"";"";"";"";"";"";"";"";"";"";"";"";"";"";""
"09/11/2025";"0300";"10,6";"11,4";"10,5";"94,0";"95,0";"90,0";"9,7";"9,9";"9,6";"901,6";"901,7";"901,5";"2,7";"118,0";"7,2";"";"0,0"
"09/11/2025";"0400";"10,3";"10,7";"10,3";"94,0";"94,0";"93,0";"9,5";"9,8";"9,4";"901,6";"901,7";"901,5";"3,1";"134,0";"5,7";"";"0,0"
"09/11/2025";"0500";"10,3";"10,4";"10,2";"94,0";"95,0";"94,0";"9,4";"9,6";"9,4";"901,1";"901,6";"901,1";"4,8";"142,0";"7,0";"";"0,0"
"09/11/2025";"0600";"9,9";"10,3";"9,9";"96,0";"96,0";"93,0";"9,2";"9,4";"9,1";"901,3";"901,4";"901,1";"3,4";"126,0";"7,0";"";"0,0"
"09/11/2025";"0700";"9,3";"9,9";"9,3";"95,0";"96,0";"94,0";"8,5";"9,2";"8,5";"901,5";"901,5";"901,2";"4,0";"129,0";"6,3";"";"0,0"
"09/11/2025";"0800";"";"";"";"";"";"";"";"";"";"";"";"";"";"";"";"";""
"09/11/2025";"0900";"8,8";"8,8";"8,4";"97,0";"97,0";"97,0";"8,4";"8,4";"8,0";"902,9";"902,9";"902,0";"4,5";"123,0";"6,3";"53,70";"0,0"
"09/11/2025";"1000";"10,4";"10,4";"8,8";"93,0";"97,0";"93,0";"9,4";"9,4";"8,4";"903,7";"903,8";"902,9";"3,7";"123,0";"6,1";"415,10";"0,0"
"09/11/2025";"1100";"12,7";"12,9";"10,3";"84,0";"94,0";"83,0";"10,1";"10,6";"9,2";"904,0";"904,0";"903,7";"5,7";"97,0";"8,5";"1338,80";"0,0"
"09/11/2025";"1200";"14,1";"14,5";"12,5";"75,0";"86,0";"74,0";"9,8";"10,9";"9,2";"904,2";"904,3";"904,0";"4,7";"87,0";"8,2";"1844,50";"0,0"
"09/11/2025";"1300";"16,0";"16,6";"13,8";"71,0";"80,0";"67,0";"10,8";"11,2";"9,4";"904,4";"904,4";"904,2";"4,1";"66,0";"7,0";"2779,80";"0,0"
"09/11/2025";"1400";"16,0";"16,9";"15,1";"68,0";"73,0";"64,0";"9,9";"11,0";"9,3";"904,0";"904,4";"904,0";"3,5";"39,0";"7,0";"2129,90";"0,0"
"09/11/2025";"1500";"17,0";"17,6";"16,0";"63,0";"69,0";"61,0";"9,8";"11,4";"9,4";"903,1";"904,1";"903,1";"3,2";"76,0";"6,2";"1875,50";"0,0"
"09/11/2025";"1600";"19,3";"20,3";"16,8";"51,0";"63,0";"49,0";"8,8";"11,0";"8,6";"902,5";"903,1";"902,1";"2,8";"68,0";"5,9";"4074,90";"0,0"
"09/11/2025";"1700";"19,3";"19,8";"18,3";"50,0";"54,0";"47,0";"8,7";"10,2";"7,6";"902,9";"903,0";"902,4";"1,1";"275,0";"5,8";"1612,10";"0,0"
"09/11/2025";"1800";"19,9";"22,4";"19,3";"49,0";"53,0";"44,0";"8,7";"11,2";"7,9";"902,6";"902,9";"902,6";"2,2";"122,0";"6,8";"3516,00";"0,0"
"09/11/2025";"1900";"20,3";"20,7";"19,3";"50,0";"54,0";"47,0";"9,5";"9,8";"8,2";"902,3";"902,6";"902,3";"1,4";"129,0";"5,8";"1414,00";"0,0"
"09/11/2025";"2000";"19,7";"22,0";"19,5";"53,0";"54,0";"44,0";"9,8";"10,4";"8,2";"902,4";"902,4";"902,2";"3,1";"129,0";"6,2";"1842,70";"0,0"
"09/11/2025";"2100";"19,6";"20,2";"19,5";"52,0";"56,0";"49,0";"9,5";"10,4";"8,6";"902,6";"902,6";"902,4";"2,4";"119,0";"4,8";"888,40";"0,0"
"09/11/2025";"2200";"17,5";"19,6";"17,5";"63,0";"63,0";"52,0";"10,4";"10,4";"9,5";"902,8";"902,9";"902,6";"2,3";"127,0";"4,5";"173,30";"0,0"
"09/11/2025";"2300";"16,8";"17,6";"16,8";"61,0";"63,0";"58,0";"9,3";"10,4";"8,9";"903,5";"903,6";"902,8";"2,7";"147,0";"4,2";"";"0,0"
"10/11/2025";"0000";"";"";"";"";"";"";"";"";"";"";"";"";"";"";"";"";""
"10/11/2025";"0100";"";"";"";"";"";"";"";"";"";"";"";"";"";"";"";"";""
"10/11/2025";"0200";"";"";"";"";"";"";"";"";"";"";"";"";"";"";"";"";""
"10/11/2025";"0300";"11,5";"11,8";"11,3";"92,0";"93,0";"91,0";"10,3";"10,4";"10,1";"904,5";"904,6";"904,4";"4,5";"102,0";"7,0";"";"0,0"
"10/11/2025";"0400";"11,9";"11,9";"11,4";"93,0";"94,0";"92,0";"10,8";"10,8";"10,2";"904,5";"904,6";"904,4";"5,9";"95,0";"9,8";"";"0,0"
"10/11/2025";"0500";"12,1";"12,1";"11,9";"92,0";"93,0";"92,0";"10,9";"10,9";"10,8";"904,0";"904,5";"904,0";"4,8";"85,0";"9,4";"";"0,0"
"10/11/2025";"0600";"12,1";"12,2";"11,8";"93,0";"93,0";"92,0";"10,9";"11,0";"10,7";"904,0";"904,1";"903,8";"4,6";"84,0";"7,3";"";"0,0"
"10/11/2025";"0700";"";"";"";"";"";"";"";"";"";"";"";"";"";"";"";"";""
"10/11/2025";"0800";"";"";"";"";"";"";"";"";"";"";"";"";"";"";"";"";""
"10/11/2025";"0900";"11,9";"11,9";"11,1";"92,0";"95,0";"92,0";"10,7";"10,8";"10,2";"905,8";"905,8";"905,0";"3,1";"79,0";"4,9";"22,30";"0,0"
"10/11/2025";"1000";"13,0";"13,0";"11,9";"88,0";"92,0";"87,0";"11,0";"11,1";"10,6";"906,6";"906,6";"905,8";"3,4";"71,0";"5,8";"300,70";"0,0"
"10/11/2025";"1100";"13,3";"13,9";"12,7";"83,0";"88,0";"80,0";"10,5";"11,1";"10,1";"906,8";"906,8";"906,6";"3,3";"35,0";"6,6";"773,20";"0,0"
"10/11/2025";"1200";"15,1";"15,1";"13,3";"72,0";"83,0";"72,0";"10,1";"11,2";"9,9";"906,8";"906,9";"906,7";"4,1";"25,0";"6,4";"1241,00";"0,0"
"10/11/2025";"1300";"17,8";"18,1";"15,1";"62,0";"73,0";"59,0";"10,5";"11,1";"9,2";"906,6";"906,9";"906,5";"3,1";"99,0";"6,4";"2587,00";"0,0"
"10/11/2025";"1400";"18,5";"18,9";"16,8";"59,0";"65,0";"57,0";"10,2";"11,3";"9,2";"904,8";"906,6";"904,8";"2,7";"99,0";"6,5";"2944,40";"0,0"
"10/11/2025";"1500";"19,5";"20,0";"18,2";"52,0";"62,0";"51,0";"9,4";"11,4";"9,1";"904,3";"904,9";"904,1";"2,3";"110,0";"7,1";"3190,00";"0,0"
"10/11/2025";"1600";"20,8";"21,1";"19,5";"47,0";"55,0";"46,0";"9,0";"10,9";"8,6";"904,9";"905,0";"904,2";"3,1";"110,0";"7,3";"3543,30";"0,0"
"10/11/2025";"1700";"22,2";"22,4";"20,6";"51,0";"52,0";"44,0";"11,7";"11,7";"8,1";"904,3";"904,9";"904,3";"1,7";"155,0";"7,3";"3763,30";"0,0"
"10/11/2025";"1800";"22,1";"22,7";"21,5";"43,0";"51,0";"43,0";"9,1";"10,6";"8,6";"903,7";"904,3";"903,7";"3,0";"144,0";"6,9";"3320,70";"0,0"
"10/11/2025";"1900";"22,5";"23,1";"21,8";"42,0";"46,0";"40,0";"9,0";"10,2";"8,1";"903,4";"903,7";"903,4";"1,7";"57,0";"5,8";"2685,40";"0,0"
"10/11/2025";"2000";"22,0";"22,7";"21,7";"42,0";"45,0";"41,0";"8,5";"9,8";"8,5";"903,3";"903,4";"903,2";"3,1";"142,0";"6,9";"1786,30";"0,0"
"10/11/2025";"2100";"21,0";"22,2";"21,0";"39,0";"43,0";"39,0";"6,5";"8,6";"6,5";"903,5";"903,5";"903,3";"3,3";"137,0";"6,3";"989,10";"0,0"
"10/11/2025";"2200";"19,3";"21,0";"19,3";"47,0";"49,0";"39,0";"7,7";"8,2";"6,6";"903,5";"903,5";"903,3";"2,2";"131,0";"5,0";"132,60";"0,0"
"10/11/2025";"2300";"18,9";"19,5";"18,6";"45,0";"47,0";"45,0";"6,8";"7,8";"6,8";"903,7";"903,8";"903,4";"1,7";"124,0";"2,9";"";"0,0"
"11/11/2025";"0000";"15,8";"19,0";"15,8";"63,0";"63,0";"45,0";"8,6";"8,6";"6,8";"903,9";"903,9";"903,7";"2,9";"99,0";"6,0";"";"0,0"
"11/11/2025";"0100";"14,5";"15,9";"14,3";"73,0";"73,0";"62,0";"9,8";"9,8";"8,5";"904,0";"904,1";"903,9";"3,7";"91,0";"5,7";"";"0,0"
"11/11/2025";"0200";"13,8";"14,8";"13,7";"75,0";"77,0";"72,0";"9,4";"9,8";"9,3";"903,8";"904,1";"903,8";"4,5";"84,0";"6,8";"";"0,0"
"11/11/2025";"0300";"13,0";"13,9";"13,0";"81,0";"81,0";"75,0";"9,7";"9,7";"9,3";"903,8";"903,9";"903,6";"5,1";"101,0";"7,4";"";"0,0"
"11/11/2025";"0400";"12,4";"13,1";"12,4";"91,0";"91,0";"81,0";"10,9";"11,0";"9,7";"903,3";"903,8";"903,3";"6,6";"97,0";"9,1";"";"0,0"
"11/11/2025";"0500";"12,6";"12,7";"12,3";"92,0";"92,0";"91,0";"11,3";"11,3";"11,0";"903,0";"903,4";"903,0";"6,3";"87,0";"9,7";"";"0,0"
"11/11/2025";"0600";"";"";"";"";"";"";"";"";"";"";"";"";"";"";"";"";""
"11/11/2025";"0700";"";"";"";"";"";"";"";"";"";"";"";"";"";"";"";"";""
"11/11/2025";"0800";"";"";"";"";"";"";"";"";"";"";"";"";"";"";"";"";""
"11/11/2025";"0900";"10,3";"10,3";"9,9";"85,0";"87,0";"85,0";"7,9";"8,1";"7,8";"904,3";"904,3";"903,4";"5,5";"67,0";"8,2";"60,00";"0,0"
"11/11/2025";"1000";"12,4";"12,4";"10,3";"68,0";"85,0";"68,0";"6,6";"8,0";"6,6";"904,5";"904,5";"904,3";"5,8";"52,0";"9,2";"608,10";"0,0"
"11/11/2025";"1100";"15,7";"15,7";"12,4";"55,0";"68,0";"55,0";"6,7";"6,7";"5,5";"904,7";"904,8";"904,3";"5,3";"59,0";"10,1";"1521,90";"0,0"
"11/11/2025";"1200";"18,3";"18,3";"15,7";"52,0";"56,0";"51,0";"8,4";"8,4";"6,3";"904,5";"904,7";"904,3";"6,5";"60,0";"10,8";"2426,40";"0,0"
"11/11/2025";"1300";"20,7";"21,2";"18,3";"44,0";"53,0";"43,0";"8,0";"9,7";"7,6";"902,9";"904,5";"902,9";"5,6";"35,0";"9,7";"3063,40";"0,0"
"11/11/2025";"1400";"22,0";"22,7";"20,2";"38,0";"46,0";"36,0";"6,9";"8,9";"6,0";"902,1";"903,1";"901,9";"5,8";"41,0";"10,2";"3673,70";"0,0"
"11/11/2025";"1500";"23,8";"24,2";"21,7";"36,0";"42,0";"35,0";"7,7";"9,3";"6,8";"903,0";"903,1";"902,1";"4,2";"26,0";"9,2";"3724,90";"0,0"
"11/11/2025";"1600";"24,6";"25,5";"23,6";"33,0";"37,0";"31,0";"7,3";"8,8";"6,4";"902,1";"903,0";"902,0";"4,0";"18,0";"9,1";"3441,60";"0,0"
"11/11/2025";"1700";"26,6";"26,8";"24,6";"29,0";"36,0";"29,0";"7,2";"9,1";"6,5";"901,5";"902,1";"901,5";"3,2";"45,0";"7,8";"3428,80";"0,0"
"11/11/2025";"1800";"26,9";"27,4";"25,8";"32,0";"35,0";"27,0";"8,7";"9,3";"6,0";"900,8";"901,5";"900,8";"2,6";"8,0";"6,0";"3261,40";"0,0"
"11/11/2025";"1900";"26,6";"27,2";"26,2";"27,0";"32,0";"27,0";"6,2";"8,3";"6,2";"900,1";"900,8";"900,1";"3,3";"22,0";"6,5";"2709,40";"0,0"
"11/11/2025";"2000";"26,5";"27,2";"25,9";"27,0";"29,0";"24,0";"5,8";"7,3";"4,7";"900,0";"900,1";"900,0";"3,3";"30,0";"6,2";"1844,60";"0,0"
"11/11/2025";"2100";"24,6";"26,5";"24,6";"28,0";"30,0";"25,0";"4,7";"6,5";"4,3";"900,0";"900,2";"900,0";"3,7";"38,0";"6,3";"956,60";"0,0"
"11/11/2025";"2200";"21,4";"24,6";"21,4";"50,0";"50,0";"27,0";"10,6";"10,6";"4,4";"900,3";"900,3";"899,9";"5,0";"79,0";"7,3";"96,90";"0,0"
"11/11/2025";"2300";"19,0";"21,4";"19,0";"61,0";"61,0";"50,0";"11,3";"11,4";"10,6";"900,8";"900,8";"900,3";"4,8";"80,0";"8,6";"";"0,0"
"12/11/2025";"0000";"";"";"";"";"";"";"";"";"";"";"";"";"";"";"";"";""
"12/11/2025";"0100";"16,8";"17,9";"16,7";"69,0";"69,0";"66,0";"11,1";"11,4";"11,1";"901,2";"901,3";"900,9";"6,1";"79,0";"9,9";"";"0,0"
"12/11/2025";"0200";"16,1";"16,8";"15,9";"73,0";"73,0";"69,0";"11,2";"11,2";"11,0";"901,3";"901,3";"901,2";"7,2";"83,0";"10,2";"";"0,0"
"12/11/2025";"0300";"14,9";"16,0";"14,9";"79,0";"79,0";"73,0";"11,3";"11,4";"11,2";"901,1";"901,3";"901,0";"5,5";"85,0";"10,2";"";"0,0"
"12/11/2025";"0400";"14,1";"14,9";"14,1";"83,0";"83,0";"79,0";"11,2";"11,4";"11,2";"900,7";"901,2";"900,7";"5,7";"69,0";"8,7";"";"0,0"
"12/11/2025";"0500";"13,3";"14,2";"13,2";"86,0";"87,0";"82,0";"11,1";"11,2";"11,0";"900,5";"900,9";"900,4";"4,5";"96,0";"8,8";"";"0,0"
"12/11/2025";"0600";"12,6";"13,3";"12,6";"89,0";"89,0";"86,0";"10,8";"11,0";"10,8";"900,7";"900,8";"900,5";"4,8";"78,0";"7,3";"";"0,0"
"12/11/2025";"0700";"";"";"";"";"";"";"";"";"";"";"";"";"";"";"";"";""
"12/11/2025";"0800";"";"";"";"";"";"";"";"";"";"";"";"";"";"";"";"";""
"12/11/2025";"0900";"11,9";"11,9";"11,6";"93,0";"93,0";"92,0";"10,8";"10,8";"10,4";"901,7";"901,7";"900,6";"3,9";"86,0";"7,2";"14,00";"0,0"
"12/11/2025";"1000";"12,5";"12,7";"11,9";"95,0";"95,0";"93,0";"11,8";"11,8";"10,8";"901,9";"901,9";"901,4";"4,7";"112,0";"7,3";"266,30";"0,2"
"12/11/2025";"1100";"13,2";"13,4";"12,5";"93,0";"95,0";"93,0";"12,2";"12,4";"11,7";"903,1";"903,1";"901,9";"6,8";"132,0";"11,2";"611,20";"0,0"
"12/11/2025";"1200";"13,5";"13,7";"13,1";"91,0";"93,0";"90,0";"12,1";"12,3";"11,6";"903,4";"903,4";"902,9";"7,9";"97,0";"13,9";"1053,00";"0,0"
"12/11/2025";"1300";"14,0";"14,0";"13,4";"92,0";"93,0";"90,0";"12,7";"12,7";"11,9";"903,3";"903,5";"903,1";"5,7";"73,0";"11,2";"530,10";"0,0"
"12/11/2025";"1400";"14,9";"15,1";"13,9";"89,0";"92,0";"89,0";"13,2";"13,4";"12,5";"903,0";"903,4";"903,0";"3,0";"83,0";"8,8";"535,50";"0,0"
"12/11/2025";"1500";"16,4";"16,9";"14,8";"92,0";"92,0";"83,0";"15,2";"15,2";"13,1";"902,7";"903,2";"902,6";"1,9";"23,0";"4,9";"863,10";"0,4"
"12/11/2025";"1600";"17,0";"17,1";"16,2";"94,0";"94,0";"91,0";"15,9";"16,2";"14,8";"902,3";"902,8";"902,3";"1,6";"328,0";"4,7";"781,80";"0,8"
"12/11/2025";"1700";"17,6";"17,6";"16,6";"95,0";"96,0";"93,0";"16,8";"16,8";"15,7";"901,6";"902,4";"901,6";"2,0";"341,0";"5,9";"728,60";"0,2"
"12/11/2025";"1800";"17,4";"17,9";"17,4";"92,0";"95,0";"91,0";"16,2";"16,9";"16,1";"901,0";"901,6";"901,0";"1,0";"302,0";"4,8";"544,80";"0,2"
"12/11/2025";"1900";"17,1";"17,5";"17,0";"96,0";"96,0";"92,0";"16,4";"16,5";"16,1";"901,4";"901,8";"901,0";"2,3";"357,0";"5,0";"199,60";"2,2"
"12/11/2025";"2000";"17,0";"17,0";"16,7";"97,0";"97,0";"96,0";"16,5";"16,5";"16,1";"902,0";"902,0";"901,4";"1,3";"271,0";"5,0";"240,30";"0,4"
"12/11/2025";"2100";"16,8";"17,1";"16,8";"97,0";"97,0";"96,0";"16,4";"16,6";"16,3";"902,2";"902,3";"901,9";"1,6";"336,0";"4,7";"133,90";"0,0"
"12/11/2025";"2200";"16,6";"16,8";"16,6";"97,0";"97,0";"97,0";"16,1";"16,4";"16,1";"902,4";"902,4";"901,9";"0,7";"46,0";"4,8";"17,10";"0,0"
"12/11/2025";"2300";"16,5";"16,6";"16,5";"97,0";"97,0";"97,0";"16,1";"16,1";"16,0";"902,3";"902,6";"902,2";"1,3";"338,0";"3,6";"";"0,2"
"13/11/2025";"0000";"16,3";"16,5";"16,2";"97,0";"98,0";"97,0";"15,9";"16,1";"15,8";"902,8";"903,0";"902,2";"1,7";"118,0";"2,5";"";"0,0"
"13/11/2025";"0100";"16,1";"16,3";"15,9";"98,0";"98,0";"97,0";"15,9";"15,9";"15,6";"903,1";"903,1";"902,4";"1,9";"127,0";"3,1";"";"0,0"
"13/11/2025";"0200";"16,0";"16,2";"15,9";"98,0";"98,0";"98,0";"15,7";"16,0";"15,6";"901,8";"903,1";"901,7";"2,5";"107,0";"4,0";"";"0,0"
"13/11/2025";"0300";"15,7";"16,0";"15,7";"97,0";"98,0";"97,0";"15,3";"15,7";"15,3";"901,6";"901,9";"901,5";"2,4";"79,0";"3,9";"";"0,0"
"13/11/2025";"0400";"15,6";"15,8";"15,6";"98,0";"98,0";"97,0";"15,2";"15,3";"15,2";"901,6";"901,7";"901,5";"2,3";"118,0";"3,9";"";"0,0"
"13/11/2025";"0500";"15,3";"15,6";"15,3";"98,0";"98,0";"98,0";"15,1";"15,2";"15,0";"900,6";"901,6";"900,6";"1,8";"122,0";"4,0";"";"0,0"
"13/11/2025";"0600";"15,2";"15,3";"15,1";"98,0";"98,0";"98,0";"14,9";"15,1";"14,8";"900,7";"900,7";"900,4";"1,8";"36,0";"3,1";"";"0,0"
"13/11/2025";"0700";"";"";"";"";"";"";"";"";"";"";"";"";"";"";"";"";""
"13/11/2025";"0800";"";"";"";"";"";"";"";"";"";"";"";"";"";"";"";"";""
"13/11/2025";"0900";"14,0";"14,4";"13,8";"98,0";"98,0";"97,0";"13,7";"14,0";"13,4";"901,3";"901,3";"900,8";"2,0";"100,0";"3,0";"43,20";"0,0"
"13/11/2025";"1000";"17,0";"17,6";"14,0";"91,0";"98,0";"90,0";"15,6";"16,4";"13,8";"902,0";"902,0";"901,3";"1,7";"115,0";"2,7";"588,80";"0,0"
"13/11/2025";"1100";"17,6";"18,0";"16,8";"89,0";"92,0";"89,0";"15,7";"16,5";"15,4";"901,4";"902,3";"901,4";"2,3";"144,0";"3,6";"1243,40";"0,0"
"13/11/2025";"1200";"18,4";"18,4";"17,5";"87,0";"90,0";"86,0";"16,2";"16,5";"15,6";"902,1";"902,1";"901,3";"2,1";"145,0";"3,6";"950,50";"0,0"
"13/11/2025";"1300";"18,5";"18,5";"18,0";"88,0";"90,0";"86,0";"16,4";"16,6";"16,0";"901,8";"902,1";"901,8";"1,8";"96,0";"3,6";"644,40";"0,0"
"13/11/2025";"1400";"21,0";"21,2";"18,5";"78,0";"89,0";"76,0";"16,9";"18,0";"15,9";"902,0";"902,1";"900,8";"2,6";"117,0";"4,7";"2191,60";"0,2"
"13/11/2025";"1500";"21,9";"22,5";"20,4";"68,0";"79,0";"68,0";"15,8";"17,2";"15,6";"902,8";"902,9";"902,0";"1,5";"83,0";"5,0";"1822,10";"0,0"
"13/11/2025";"1600";"23,1";"24,1";"21,9";"65,0";"71,0";"62,0";"16,0";"17,1";"15,5";"902,6";"902,8";"902,6";"1,9";"70,0";"4,1";"2309,20";"0,0"
"13/11/2025";"1700";"23,8";"25,0";"23,1";"60,0";"67,0";"58,0";"15,6";"17,3";"15,3";"902,3";"902,6";"902,1";"2,1";"70,0";"5,6";"3197,40";"0,0"
"13/11/2025";"1800";"24,3";"24,9";"23,4";"57,0";"63,0";"55,0";"15,1";"16,6";"14,8";"901,4";"902,3";"901,4";"2,0";"93,0";"5,6";"1743,90";"0,0"
"13/11/2025";"1900";"25,1";"25,5";"24,3";"57,0";"58,0";"53,0";"15,9";"16,1";"14,8";"901,1";"901,4";"901,1";"1,6";"78,0";"3,8";"1885,70";"0,0"
"13/11/2025";"2000";"23,5";"25,1";"23,5";"67,0";"67,0";"56,0";"17,1";"17,1";"15,2";"901,1";"901,2";"901,0";"2,8";"112,0";"4,7";"686,90";"0,0"
"13/11/2025";"2100";"22,4";"23,5";"22,4";"72,0";"74,0";"67,0";"17,2";"17,7";"16,8";"901,3";"901,3";"901,1";"3,1";"78,0";"5,2";"374,80";"0,0"
"13/11/2025";"2200";"21,2";"22,4";"21,2";"76,0";"76,0";"72,0";"16,8";"17,3";"16,8";"901,8";"901,8";"901,1";"2,7";"70,0";"4,9";"88,90";"0,0"
"13/11/2025";"2300";"20,3";"21,2";"20,3";"79,0";"80,0";"75,0";"16,6";"16,8";"16,6";"902,2";"902,2";"901,7";"3,5";"84,0";"5,6";"";"0,0"
"14/11/2025";"0000";"18,9";"20,2";"18,8";"86,0";"86,0";"80,0";"16,4";"17,0";"16,3";"902,8";"902,8";"902,2";"4,8";"69,0";"7,3";"";"0,0"
"14/11/2025";"0100";"18,5";"18,9";"18,4";"88,0";"88,0";"85,0";"16,5";"16,6";"16,4";"903,5";"903,5";"902,8";"5,0";"79,0";"8,4";"";"0,0"
"14/11/2025";"0200";"18,1";"18,5";"18,1";"87,0";"89,0";"86,0";"15,9";"16,5";"15,9";"903,5";"903,7";"903,5";"5,0";"65,0";"8,3";"";"0,0"
"14/11/2025";"0300";"17,5";"18,1";"17,5";"88,0";"88,0";"87,0";"15,6";"15,9";"15,6";"903,7";"903,7";"903,5";"3,3";"62,0";"7,4";"";"0,0"
"14/11/2025";"0400";"17,2";"17,5";"17,2";"89,0";"90,0";"88,0";"15,4";"15,6";"15,4";"903,4";"903,7";"903,4";"3,4";"60,0";"5,3";"";"0,0"
"14/11/2025";"0500";"16,2";"17,2";"16,2";"93,0";"93,0";"89,0";"15,0";"15,4";"15,0";"902,8";"903,4";"902,8";"3,7";"84,0";"5,1";"";"0,0"
"14/11/2025";"0600";"15,5";"16,2";"15,5";"94,0";"95,0";"93,0";"14,6";"15,1";"14,6";"903,0";"903,1";"902,7";"3,1";"91,0";"5,1";"";"0,0"
"14/11/2025";"0700";"";"";"";"";"";"";"";"";"";"";"";"";"";"";"";"";""
"14/11/2025";"0800";"";"";"";"";"";"";"";"";"";"";"";"";"";"";"";"";""
"14/11/2025";"0900";"15,2";"15,2";"14,9";"93,0";"93,0";"92,0";"14,1";"14,1";"13,7";"903,9";"903,9";"903,3";"4,2";"92,0";"6,0";"56,80";"0,0"
"14/11/2025";"1000";"16,8";"16,8";"15,1";"87,0";"93,0";"86,0";"14,6";"14,8";"14,0";"904,3";"904,4";"903,9";"4,0";"79,0";"6,1";"583,10";"0,0"
"14/11/2025";"1100";"18,5";"18,5";"16,5";"81,0";"87,0";"79,0";"15,1";"15,1";"13,9";"904,7";"904,7";"904,3";"4,7";"70,0";"8,1";"1136,20";"0,0"
"14/11/2025";"1200";"19,9";"20,1";"17,8";"74,0";"81,0";"73,0";"15,2";"15,7";"14,1";"903,0";"904,7";"902,5";"3,8";"81,0";"7,3";"2165,60";"0,0"
"14/11/2025";"1300";"20,9";"21,8";"19,5";"68,0";"76,0";"67,0";"14,7";"16,2";"14,6";"904,8";"904,8";"902,9";"3,1";"60,0";"6,3";"2836,20";"0,0"
"14/11/2025";"1400";"23,2";"23,4";"20,7";"64,0";"72,0";"63,0";"16,1";"16,7";"15,1";"904,8";"905,0";"904,7";"3,2";"45,0";"6,4";"3111,70";"0,0"
"14/11/2025";"1500";"24,4";"24,9";"22,7";"58,0";"66,0";"58,0";"15,6";"16,9";"15,4";"904,3";"904,8";"904,3";"2,4";"106,0";"6,2";"3378,70";"0,0"
"14/11/2025";"1600";"25,7";"25,8";"23,9";"51,0";"62,0";"51,0";"14,9";"16,4";"13,9";"903,7";"904,3";"903,7";"3,2";"139,0";"5,8";"2205,90";"0,0"
"14/11/2025";"1700";"26,4";"27,2";"25,0";"51,0";"53,0";"47,0";"15,3";"16,2";"14,0";"903,0";"903,7";"903,0";"4,1";"134,0";"8,4";"3920,30";"0,0"
"14/11/2025";"1800";"26,2";"27,1";"24,8";"49,0";"52,0";"46,0";"14,8";"15,7";"14,2";"902,3";"903,0";"902,3";"4,0";"117,0";"7,4";"3010,80";"0,0"
"14/11/2025";"1900";"26,0";"27,2";"25,7";"49,0";"51,0";"46,0";"14,5";"15,6";"13,9";"901,8";"902,3";"901,8";"3,5";"108,0";"6,5";"2223,50";"0,0"
"14/11/2025";"2000";"26,4";"26,8";"25,6";"48,0";"50,0";"46,0";"14,3";"15,0";"13,8";"901,6";"901,8";"901,5";"3,5";"75,0";"5,5";"1439,30";"0,0"
"14/11/2025";"2100";"24,6";"26,4";"24,6";"54,0";"55,0";"46,0";"14,8";"15,1";"13,7";"901,6";"901,7";"901,5";"2,7";"92,0";"5,5";"617,80";"0,0"
"14/11/2025";"2200";"22,8";"24,6";"22,8";"63,0";"63,0";"53,0";"15,3";"15,3";"14,5";"902,0";"902,0";"901,6";"3,2";"66,0";"4,3";"95,60";"0,0"
"14/11/2025";"2300";"21,3";"22,8";"21,3";"69,0";"69,0";"63,0";"15,4";"15,7";"15,3";"902,2";"902,3";"902,0";"5,0";"55,0";"7,2";"";"0,0"
"15/11/2025";"0000";"20,0";"21,4";"20,0";"76,0";"76,0";"68,0";"15,7";"15,7";"15,3";"902,9";"903,0";"902,2";"5,2";"56,0";"7,5";"";"0,0"
"15/11/2025";"0100";"19,6";"20,0";"19,3";"79,0";"80,0";"76,0";"15,8";"15,9";"15,7";"903,5";"903,5";"902,8";"5,3";"42,0";"7,4";"";"0,0"
"15/11/2025";"0200";"18,4";"19,6";"18,4";"85,0";"86,0";"79,0";"15,9";"15,9";"15,7";"903,8";"903,9";"903,4";"4,1";"95,0";"7,7";"";"0,0"
"15/11/2025";"0300";"17,7";"18,4";"17,5";"89,0";"90,0";"85,0";"15,9";"16,0";"15,8";"903,5";"903,8";"903,5";"4,0";"97,0";"6,2";"";"0,0"
"15/11/2025";"0400";"16,9";"";"";"";"";"";"";"";"";"";"";"";"";"";"";"";""
"15/11/2025";"0500";"16,3";"16,9";"16,3";"93,0";"93,0";"92,0";"15,1";"15,6";"15,1";"903,1";"903,5";"903,1";"5,6";"74,0";"8,1";"";"0,0"
"15/11/2025";"0600";"15,7";"16,3";"15,7";"93,0";"93,0";"92,0";"14,5";"15,1";"14,5";"903,0";"903,4";"903,0";"5,2";"82,0";"8,5";"";"0,0"
"15/11/2025";"0700";"15,4";"15,7";"15,4";"92,0";"93,0";"91,0";"14,1";"14,5";"14,0";"902,8";"903,1";"902,6";"5,5";"76,0";"8,4";"";"0,0"
"15/11/2025";"0800";"15,0";"15,4";"14,9";"92,0";"92,0";"91,0";"13,7";"14,1";"13,6";"902,8";"902,9";"902,6";"4,1";"84,0";"8,2";"";"0,0"
"15/11/2025";"0900";"15,1";"15,1";"14,8";"92,0";"93,0";"92,0";"13,7";"13,7";"13,6";"903,3";"903,4";"902,8";"3,5";"80,0";"6,7";"56,30";"0,0"
"15/11/2025";"1000";"16,2";"16,2";"15,1";"86,0";"92,0";"86,0";"13,9";"14,2";"13,5";"903,8";"903,8";"903,3";"3,4";"74,0";"6,3";"425,80";"0,0"
"15/11/2025";"1100";"17,0";"17,3";"16,1";"82,0";"88,0";"81,0";"13,9";"14,5";"13,7";"904,0";"904,1";"903,7";"5,2";"56,0";"7,1";"876,80";"0,0"
"15/11/2025";"1200";"19,3";"19,4";"17,0";"75,0";"83,0";"75,0";"14,8";"15,1";"13,8";"902,2";"904,1";"902,2";"4,3";"44,0";"8,0";"1813,40";"0,0"
"15/11/2025";"1300";"21,0";"21,3";"18,3";"69,0";"78,0";"69,0";"15,1";"15,9";"14,2";"902,0";"902,2";"900,7";"4,8";"51,0";"7,2";"2529,50";"0,0"
"15/11/2025";"1400";"22,0";"22,2";"20,5";"67,0";"72,0";"67,0";"15,6";"16,2";"15,0";"902,7";"903,1";"902,0";"3,2";"63,0";"7,1";"2280,00";"0,0"
"15/11/2025";"1500";"23,7";"23,8";"21,4";"64,0";"69,0";"62,0";"16,6";"16,6";"15,3";"901,8";"902,7";"901,8";"3,1";"44,0";"5,8";"2428,60";"0,0"
"15/11/2025";"1600";"24,9";"25,5";"23,7";"62,0";"65,0";"56,0";"17,0";"17,5";"15,5";"901,1";"901,8";"901,1";"2,1";"4,0";"6,3";"3261,20";"0,0"
"15/11/2025";"1700";"25,3";"26,3";"24,5";"56,0";"62,0";"53,0";"15,9";"16,8";"15,4";"900,3";"901,1";"900,3";"2,4";"86,0";"5,9";"2415,90";"0,0"
"15/11/2025";"1800";"26,1";"26,4";"24,9";"55,0";"59,0";"54,0";"16,4";"17,0";"15,9";"899,8";"900,3";"899,8";"3,9";"78,0";"6,1";"1735,80";"0,0"
"15/11/2025";"1900";"25,1";"26,9";"24,7";"58,0";"60,0";"53,0";"16,2";"17,0";"15,9";"899,4";"899,8";"899,4";"3,3";"57,0";"6,8";"1187,10";"0,0"
"15/11/2025";"2000";"25,6";"25,6";"24,9";"56,0";"59,0";"54,0";"16,2";"16,5";"15,1";"899,1";"899,4";"899,1";"3,6";"51,0";"5,6";"789,40";"0,0"
"15/11/2025";"2100";"23,4";"25,7";"23,4";"65,0";"66,0";"56,0";"16,6";"16,8";"15,8";"899,0";"899,1";"898,7";"4,1";"66,0";"8,6";"486,50";"0,0"
"15/11/2025";"2200";"22,3";"23,5";"22,2";"68,0";"69,0";"64,0";"16,2";"16,6";"16,1";"899,2";"899,4";"898,9";"3,6";"59,0";"6,5";"102,00";"0,0"
"15/11/2025";"2300";"20,8";"22,3";"20,8";"76,0";"76,0";"68,0";"16,4";"16,7";"16,2";"899,5";"899,6";"899,2";"4,3";"23,0";"6,2";"";"0,0"
"16/11/2025";"0000";"19,9";"20,8";"19,8";"79,0";"80,0";"76,0";"16,2";"16,6";"16,2";"899,4";"899,8";"899,3";"3,0";"33,0";"6,2";"";"0,0"
"16/11/2025";"0100";"18,7";"19,9";"18,4";"85,0";"87,0";"79,0";"16,2";"16,3";"16,1";"900,1";"900,1";"899,4";"3,3";"84,0";"4,9";"";"0,0"
"16/11/2025";"0200";"17,6";"18,7";"17,6";"90,0";"90,0";"85,0";"15,9";"16,2";"15,8";"899,3";"900,2";"899,3";"3,4";"46,0";"5,4";"";"0,0"
"16/11/2025";"0300";"17,8";"17,9";"17,1";"90,0";"92,0";"89,0";"16,1";"16,2";"15,7";"898,5";"899,3";"898,4";"3,8";"50,0";"6,2";"";"0,0"
"16/11/2025";"0400";"17,3";"17,8";"16,9";"93,0";"94,0";"90,0";"16,2";"16,2";"15,6";"897,3";"898,5";"897,3";"3,6";"41,0";"5,5";"";"0,0"
"16/11/2025";"0500";"17,4";"17,9";"17,3";"93,0";"93,0";"91,0";"16,2";"16,5";"16,1";"896,6";"897,3";"896,5";"3,3";"69,0";"6,1";"";"0,0"
"16/11/2025";"0600";"16,9";"17,5";"16,7";"95,0";"95,0";"93,0";"16,0";"16,4";"15,7";"896,3";"896,6";"896,3";"2,6";"71,0";"5,6";"";"0,0"
"16/11/2025";"0700";"16,3";"16,9";"16,1";"97,0";"97,0";"94,0";"15,8";"15,9";"15,5";"896,7";"896,8";"896,3";"2,3";"128,0";"4,3";"";"0,0"
"16/11/2025";"0800";"16,0";"16,3";"16,0";"97,0";"97,0";"97,0";"15,6";"15,9";"15,5";"896,9";"896,9";"896,6";"3,2";"101,0";"5,0";"";"0,0"
"16/11/2025";"0900";"16,4";"16,4";"15,9";"97,0";"97,0";"97,0";"15,9";"15,9";"15,4";"897,3";"897,4";"896,9";"2,8";"98,0";"4,3";"32,10";"0,0"
"16/11/2025";"1000";"18,5";"18,5";"16,4";"91,0";"97,0";"90,0";"17,0";"17,0";"15,9";"897,8";"897,8";"897,3";"2,6";"74,0";"4,3";"402,00";"0,0"
"16/11/2025";"1100";"20,7";"20,7";"18,5";"78,0";"92,0";"77,0";"16,7";"17,1";"16,2";"895,0";"897,8";"894,6";"5,6";"27,0";"8,0";"1391,90";"0,0"
"16/11/2025";"1200";"22,8";"23,1";"20,5";"70,0";"78,0";"69,0";"17,1";"17,3";"16,1";"896,9";"896,9";"894,8";"4,6";"24,0";"9,3";"2315,20";"0,0"
"16/11/2025";"1300";"24,1";"24,2";"22,2";"64,0";"70,0";"64,0";"17,0";"17,3";"16,1";"897,3";"897,5";"896,9";"3,2";"340,0";"9,3";"2600,70";"0,0"
"16/11/2025";"1400";"23,2";"24,1";"22,2";"63,0";"70,0";"61,0";"15,8";"17,4";"15,4";"896,8";"897,4";"896,8";"4,0";"315,0";"9,9";"1475,00";"0,0"
"16/11/2025";"1500";"23,9";"24,0";"22,8";"62,0";"66,0";"60,0";"16,2";"16,4";"15,4";"896,1";"896,8";"896,1";"4,4";"303,0";"10,3";"1777,10";"0,0"
"16/11/2025";"1600";"25,0";"25,7";"23,3";"59,0";"64,0";"58,0";"16,4";"17,7";"15,4";"895,1";"896,1";"895,1";"4,0";"308,0";"11,0";"2918,20";"0,0"
"16/11/2025";"1700";"24,1";"26,5";"23,9";"65,0";"66,0";"57,0";"17,0";"17,6";"16,0";"894,8";"895,2";"894,7";"3,7";"305,0";"9,9";"1783,50";"0,0"
"16/11/2025";"1800";"25,4";"26,1";"23,9";"62,0";"67,0";"59,0";"17,5";"18,2";"16,9";"893,9";"894,8";"893,9";"4,5";"295,0";"10,3";"2155,70";"0,0"
"16/11/2025";"1900";"24,0";"25,8";"24,0";"67,0";"67,0";"60,0";"17,6";"18,1";"17,1";"893,6";"893,9";"893,4";"3,8";"304,0";"9,1";"1225,40";"0,0"
"16/11/2025";"2000";"24,0";"24,3";"23,5";"68,0";"69,0";"66,0";"17,6";"17,8";"17,2";"893,4";"893,6";"893,4";"3,2";"302,0";"8,6";"644,30";"0,0"
"16/11/2025";"2100";"22,9";"24,3";"22,9";"71,0";"71,0";"66,0";"17,4";"17,8";"17,1";"892,7";"893,4";"892,6";"1,7";"318,0";"6,7";"307,50";"0,0"
"16/11/2025";"2200";"22,2";"22,9";"22,2";"76,0";"76,0";"71,0";"17,7";"17,7";"17,4";"892,9";"893,0";"892,7";"1,5";"315,0";"4,3";"52,00";"0,0"
"16/11/2025";"2300";"22,1";"22,2";"22,0";"76,0";"76,0";"75,0";"17,6";"17,7";"17,5";"893,1";"893,1";"892,8";"2,6";"313,0";"5,8";"";"0,0"
"17/11/2025";"0000";"21,7";"22,1";"21,6";"78,0";"78,0";"76,0";"17,6";"17,6";"17,5";"894,6";"894,6";"893,0";"3,1";"300,0";"8,8";"";"0,0"
"17/11/2025";"0100";"";"";"";"";"";"";"";"";"";"";"";"";"";"";"";"";""
"17/11/2025";"0200";"";"";"";"";"";"";"";"";"";"";"";"";"";"";"";"";""
"17/11/2025";"0300";"15,4";"15,5";"15,2";"97,0";"98,0";"97,0";"14,9";"15,2";"14,8";"897,4";"897,9";"896,9";"1,2";"344,0";"4,5";"";"1,0"
"17/11/2025";"0400";"15,3";"15,4";"15,2";"98,0";"98,0";"97,0";"14,9";"15,0";"14,8";"896,3";"897,5";"896,0";"1,8";"336,0";"4,7";"";"0,4"
"17/11/2025";"0500";"14,9";"15,3";"14,9";"97,0";"98,0";"97,0";"14,5";"15,0";"14,5";"895,4";"896,3";"894,9";"2,6";"302,0";"5,7";"";"0,2"
"17/11/2025";"0600";"14,9";"14,9";"14,8";"96,0";"98,0";"96,0";"14,3";"14,5";"14,3";"892,5";"895,4";"892,4";"3,8";"18,0";"6,5";"";"0,2"
"17/11/2025";"0700";"14,9";"15,3";"14,9";"95,0";"96,0";"91,0";"14,1";"14,3";"13,8";"893,3";"893,7";"891,6";"3,8";"281,0";"7,3";"";"0,0"
"17/11/2025";"0800";"";"";"";"";"";"";"";"";"";"";"";"";"";"";"";"";""
"17/11/2025";"0900";"14,7";"14,8";"14,6";"96,0";"97,0";"96,0";"14,0";"14,3";"14,0";"895,8";"895,8";"894,3";"2,5";"204,0";"6,8";"23,10";"0,0"
"17/11/2025";"1000";"14,9";"15,0";"14,6";"96,0";"96,0";"96,0";"14,3";"14,3";"14,0";"897,1";"897,1";"895,8";"1,6";"270,0";"4,9";"139,40";"0,0"
"17/11/2025";"1100";"15,6";"15,6";"14,8";"96,0";"97,0";"96,0";"15,0";"15,0";"14,2";"897,5";"897,6";"897,1";"1,9";"278,0";"4,0";"410,80";"0,0"
"17/11/2025";"1200";"16,2";"17,0";"15,5";"89,0";"96,0";"87,0";"14,4";"15,4";"14,1";"897,9";"897,9";"897,3";"2,4";"278,0";"4,1";"1003,70";"0,0"
"17/11/2025";"1300";"16,1";"16,3";"15,2";"92,0";"94,0";"88,0";"14,9";"15,1";"13,9";"897,7";"897,9";"897,7";"1,5";"241,0";"5,8";"845,10";"0,0"
"17/11/2025";"1400";"17,8";"17,8";"15,9";"80,0";"92,0";"79,0";"14,2";"15,1";"13,6";"895,1";"897,7";"895,0";"2,4";"184,0";"5,2";"1912,80";"0,0"
"17/11/2025";"1500";"19,0";"19,0";"17,3";"75,0";"82,0";"72,0";"14,4";"14,8";"13,4";"894,1";"895,1";"893,9";"1,4";"263,0";"4,9";"1580,70";"0,0"
"17/11/2025";"1600";"18,6";"19,0";"18,1";"75,0";"78,0";"71,0";"14,1";"14,7";"13,5";"896,1";"896,1";"894,0";"2,2";"221,0";"4,6";"1713,10";"0,0"
"17/11/2025";"1700";"18,7";"18,9";"18,3";"75,0";"78,0";"72,0";"14,1";"14,7";"13,5";"896,0";"896,3";"895,9";"1,4";"215,0";"4,6";"653,00";"0,0"
"17/11/2025";"1800";"17,4";"18,9";"17,4";"81,0";"81,0";"72,0";"14,1";"14,3";"13,5";"895,6";"896,2";"895,6";"1,6";"267,0";"4,5";"408,60";"0,0"
"17/11/2025";"1900";"16,1";"17,4";"16,0";"91,0";"91,0";"81,0";"14,6";"15,2";"13,9";"896,2";"896,2";"894,7";"3,2";"197,0";"6,9";"341,50";"0,0"
"17/11/2025";"2000";"15,6";"16,1";"15,3";"95,0";"95,0";"91,0";"14,7";"14,9";"14,3";"896,2";"896,2";"895,9";"3,0";"189,0";"6,7";"232,30";"0,4"
"17/11/2025";"2100";"15,3";"15,6";"15,2";"95,0";"95,0";"94,0";"14,5";"14,8";"14,4";"896,4";"896,5";"896,1";"3,6";"184,0";"6,5";"149,80";"0,0"
"17/11/2025";"2200";"15,1";"15,3";"15,1";"94,0";"95,0";"94,0";"14,3";"14,5";"14,3";"896,7";"896,8";"896,3";"3,3";"144,0";"5,3";"24,80";"0,0"
"17/11/2025";"2300";"14,9";"15,2";"14,9";"94,0";"95,0";"94,0";"14,0";"14,4";"14,0";"896,6";"896,8";"896,6";"3,7";"136,0";"5,0";"0,60";"0,0"
"18/11/2025";"0000";"14,9";"15,0";"14,9";"95,0";"95,0";"94,0";"14,1";"14,2";"13,9";"897,2";"897,3";"896,6";"2,2";"137,0";"4,9";"";"0,0"
"18/11/2025";"0100";"14,6";"14,9";"14,6";"95,0";"96,0";"95,0";"13,8";"14,3";"13,8";"897,7";"897,7";"897,2";"1,7";"160,0";"4,0";"";"0,0"
"18/11/2025";"0200";"14,4";"14,7";"14,4";"";"";"";"";"";"";"";"";"";"";"";"";"";""
"18/11/2025";"0300";"14,4";"14,5";"14,3";"97,0";"97,0";"96,0";"13,9";"13,9";"13,8";"897,3";"897,9";"897,3";"1,9";"175,0";"3,5";"";"1,2"
"18/11/2025";"0400";"14,1";"14,4";"14,1";"98,0";"98,0";"97,0";"13,7";"13,9";"13,7";"896,7";"897,3";"896,7";"2,9";"100,0";"4,9";"";"0,6"
"18/11/2025";"0500";"13,8";"14,1";"13,8";"98,0";"98,0";"98,0";"13,5";"13,8";"13,4";"895,8";"896,7";"895,7";"3,2";"100,0";"5,4";"";"0,2"
"18/11/2025";"0600";"14,1";"14,1";"13,8";"97,0";"98,0";"96,0";"13,6";"13,6";"13,3";"895,7";"895,9";"895,6";"3,9";"78,0";"5,7";"";"0,2"
"18/11/2025";"0700";"14,0";"14,1";"13,9";"97,0";"97,0";"97,0";"13,5";"13,7";"13,5";"895,0";"895,7";"895,0";"4,8";"90,0";"7,5";"";"0,4"
"18/11/2025";"0800";"13,6";"14,0";"13,6";"97,0";"97,0";"96,0";"13,1";"13,5";"13,1";"894,8";"895,1";"894,5";"5,4";"66,0";"8,9";"";"1,0"
"18/11/2025";"0900";"13,6";"13,7";"13,6";"95,0";"97,0";"95,0";"12,9";"13,2";"12,9";"895,6";"895,6";"894,8";"0,7";"10,0";"7,6";"16,90";"0,6"
"18/11/2025";"1000";"14,3";"14,3";"13,6";"94,0";"96,0";"94,0";"13,4";"13,5";"12,9";"895,9";"896,0";"895,6";"1,5";"76,0";"3,0";"257,30";"0,0"
"18/11/2025";"1100";"";"";"";"";"";"";"";"";"";"";"";"";"";"";"";"";""
"18/11/2025";"1200";"";"";"";"";"";"";"";"";"";"";"";"";"";"";"";"";""
"18/11/2025";"1300";"";"";"";"";"";"";"";"";"";"";"";"";"";"";"";"";""
"18/11/2025";"1400";"";"";"";"";"";"";"";"";"";"";"";"";"";"";"";"";""
"18/11/2025";"1500";"";"";"";"";"";"";"";"";"";"";"";"";"";"";"";"";""
"18/11/2025";"1600";"";"";"";"";"";"";"";"";"";"";"";"";"";"";"";"";""
"18/11/2025";"1700";"";"";"";"";"";"";"";"";"";"";"";"";"";"";"";"";""
"18/11/2025";"1800";"";"";"";"";"";"";"";"";"";"";"";"";"";"";"";"";""
"18/11/2025";"1900";"";"";"";"";"";"";"";"";"";"";"";"";"";"";"";"";""
"18/11/2025";"2000";"";"";"";"";"";"";"";"";"";"";"";"";"";"";"";"";""
"18/11/2025";"2100";"";"";"";"";"";"";"";"";"";"";"";"";"";"";"";"";""
"18/11/2025";"2200";"";"";"";"";"";"";"";"";"";"";"";"";"";"";"";"";""
"18/11/2025";"2300";"";"";"";"";"";"";"";"";"";"";"";"";"";"";"";"";""